sweep,scenario,scenario_order,scenario_value,method,oracle_action_match_mean,oracle_action_match_std,oracle_reward_gap_mean,oracle_reward_gap_std,oracle_rate_gap_mean,oracle_rate_gap_std,true_outage_mean,true_outage_std,true_beam_success_mean,true_beam_success_std,los_flag_mean,los_flag_std,reflection_ratio_mean,reflection_ratio_std,num_available_paths_mean,num_available_paths_std,planning_latency_ms_mean,planning_latency_ms_std,policy_confidence_mean,policy_confidence_std,policy_margin_mean,policy_margin_std,policy_entropy_mean,policy_entropy_std,planner_value_mean,planner_value_std,planner_terminal_value_mean,planner_terminal_value_std,planner_beam_gain_value_mean,planner_beam_gain_value_std,planner_predictor_mix_mean,planner_predictor_mix_std,planner_rate_signal_mean,planner_rate_signal_std,planner_outage_signal_mean,planner_outage_signal_std,planner_adaptive_difficulty_mean,planner_adaptive_difficulty_std,planner_adaptive_difficulty_ema_mean,planner_adaptive_difficulty_ema_std,planner_adaptive_los_threshold_mean,planner_adaptive_los_threshold_std,planner_adaptive_risk_threshold_mean,planner_adaptive_risk_threshold_std,planner_adaptive_path_threshold_mean,planner_adaptive_path_threshold_std,planner_adaptive_reflection_threshold_mean,planner_adaptive_reflection_threshold_std,planner_adaptive_global_pool_threshold_mean,planner_adaptive_global_pool_threshold_std,planner_adaptive_cooldown_mean,planner_adaptive_cooldown_std,planner_adaptive_local_candidates_mean,planner_adaptive_local_candidates_std,planner_adaptive_global_topk_mean,planner_adaptive_global_topk_std,planner_score_gap_mean,planner_score_gap_std,planner_score_std_mean,planner_score_std_std,planner_candidates_mean,planner_candidates_std,planner_reactive_rate_regret_mean,planner_reactive_rate_regret_std,planner_reactive_safety_gain_mean,planner_reactive_safety_gain_std,planner_reactive_veto_triggered_mean,planner_reactive_veto_triggered_std,planner_rate_veto_triggered_mean,planner_rate_veto_triggered_std,planner_tri_regime_mode_mean,planner_tri_regime_mode_std,planner_clear_suppress_triggered_mean,planner_clear_suppress_triggered_std,planner_extreme_veto_triggered_mean,planner_extreme_veto_triggered_std,planner_fallback_kept_after_veto_mean,planner_fallback_kept_after_veto_std,planner_los_recovery_gate_mean,planner_los_recovery_gate_std,planner_los_recovery_bias_max_mean,planner_los_recovery_bias_max_std,planner_los_recovery_bias_chosen_mean,planner_los_recovery_bias_chosen_std,planner_los_guard_used_mean,planner_los_guard_used_std,planner_predictive_fallback_used_mean,planner_predictive_fallback_used_std,shortlist_size_mean,shortlist_size_std,shortlist_local_size_mean,shortlist_local_size_std,shortlist_global_fallback_count_mean,shortlist_global_fallback_count_std,shortlist_los_reserved_mean,shortlist_los_reserved_std,shortlist_reflection_reserved_mean,shortlist_reflection_reserved_std,shortlist_prev_beam_kept_mean,shortlist_prev_beam_kept_std,shortlist_max_los_prob_mean,shortlist_max_los_prob_std,shortlist_max_reflection_prob_mean,shortlist_max_reflection_prob_std,shortlist_max_beam_gain_mean,shortlist_max_beam_gain_std,shortlist_beam_gain_weight_mean,shortlist_beam_gain_weight_std,shortlist_blockage_hint_mean,shortlist_blockage_hint_std,shortlist_reflection_hint_mean,shortlist_reflection_hint_std,shortlist_used_global_pool_mean,shortlist_used_global_pool_std,shortlist_base_pool_size_mean,shortlist_base_pool_size_std,dominant_reflection_fraction,dominant_los_fraction
blocker_density,Nb=0,0,0.0,BeliefAwareRollout,0.678,0.46724297747531746,1.2657385325006092,2.2683338270485263,1.1047135325006092,1.8991552526761653,0.07875,0.269348171517833,0.76425,0.4244666506334744,1.0,0.0,0.11557704171538455,0.0318605859720386,5.0,0.0,0.5697144364603446,0.6140020832369099,0.9585,0.19944360105052258,0.015865347066521648,0.10907236144414666,,,6.913961929011058,0.8057012415616892,0.0,0.0,6.92420160181551,0.8017752228879891,,,,,,,,,,,,,,,,,,,,,,,,,,,0.015865347066521648,0.10907236144414666,0.04645524794021688,0.22565396317304393,8.0,0.0,,,,,,,,,,,,,,,,,0.9243040119926194,0.1990203381405106,1.8185769686141056,0.3919561684579201,1.7967767638763414,0.43803142837668807,0.9585,0.19944360105052258,,,7.917,0.3988872021010451,7.917,0.3988872021010451,0.083,0.39888720210104517,1.9915,0.09180277773575263,0.0,0.0,1.0,0.0,0.9969123189598322,0.0046220065829132954,0.8514284319877624,0.09330001679528291,3.740486321210861,0.5779967450972654,1.0,0.0,0.019601875132557324,0.028665238927753012,0.11586673730509937,0.0498074366084055,0.0415,0.19944360105052258,16.0,0.0,0.13075,0.86925
blocker_density,Nb=0,0,0.0,OneStepPredictive,0.40475,0.4908435977987286,2.026960995604426,2.0309070533527924,2.0874234956044266,2.0466147458885877,0.011,0.10430244484191156,0.91325,0.2814683596783127,1.0,0.0,0.11557704171538455,0.0318605859720386,5.0,0.0,0.2555138747293313,0.015845874809071042,0.76324760613963,0.14339741789159796,0.6189469721131027,0.23838339677136627,0.7805854876516387,0.37794941818691363,,,,,,,,,,,,,,,,,,,,,,,,,,,,,,,,,,,,,,,,,,,,,,,,,,,,,,,,,,,,,,,,,,,,,,,,,,,,,,,,,,,,,,,,,,,,,0.54225,0.45775
blocker_density,Nb=0,0,0.0,Oracle,1.0,0.0,0.0,0.0,0.0,0.0,0.0,0.0,0.912,0.28329489935401236,1.0,0.0,0.11557704171538455,0.0318605859720386,5.0,0.0,0.7077186894875922,0.018333597394923042,1.0,0.0,0.0,0.0,,,,,,,,,,,,,,,,,,,,,,,,,,,,,,,,,,,,,,,,,,,,,,,,,,,,,,,,,,,,,,,,,,,,,,,,,,,,,,,,,,,,,,,,,,,,,,,0.005,0.995
blocker_density,Nb=0,0,0.0,ProposedV2,0.71725,0.45033591628916303,1.0369733722717633,2.0597664936902054,0.9252358722717635,1.7618198438629122,0.05525,0.2284675852281894,0.79225,0.4056968541904165,1.0,0.0,0.11557704171538455,0.0318605859720386,5.0,0.0,0.14123648678105383,0.27405236067916783,0.9758345749229193,0.0767097701937539,0.154867534738034,0.33101413681634523,0.08345683400798588,0.21894565607869113,5.733986003929392,0.8226054243805652,6.744273373537966,0.5513759951654674,0.16434782608695653,0.07760165671189058,0.609079283887468,0.1155744967642104,0.08655298629875684,0.026742050314366446,0.5126231390115855,0.04007463992083581,0.5,0.0,0.5,0.0,0.5999999999999998,2.220446049250313e-16,0.25,0.0,0.20000000000000004,2.7755575615628914e-17,0.20000000000000004,2.7755575615628914e-17,0.9000000000000002,2.220446049250313e-16,2.0,0.0,12.0,0.0,6.0,0.0,0.0627403497373723,0.13926868734032805,,,12.16175,0.6112175860526267,0.003015651446207405,0.013159281013652801,0.006464335619641082,0.02027918323772114,0.0076726342710997444,0.0872568905843068,0.0,0.0,1.0,0.0,0.0,0.0,0.0,0.0,0.2531969309462916,0.43484278205538884,,,,,,,0.8045,0.3965851106635246,0.1955,0.3965851106635246,12.827365728900256,1.1662859786044888,12.565217391304348,0.9005354424873034,3.50383631713555,3.642511234844729,,,,,,,,,,,,,,,,,,,0.09575,0.29424808835402827,,,0.123,0.877
blocker_density,Nb=0,0,0.0,Reactive,0.7135,0.4521258121364008,1.1032937676413104,2.165017022121459,0.9548562676413105,1.7996235669447684,0.0715,0.25765820382825,0.76725,0.42258423716461546,1.0,0.0,0.11557704171538455,0.0318605859720386,5.0,0.0,0.00269255953389802,0.0012051084968038761,1.0,0.0,0.0,0.0,,,,,,,,,,,,,,,,,,,,,,,,,,,,,,,,,,,,,,,,,,,,,,,,,,,,,,,,,,,,,,,,,,,,,,,,,,,,,,,,,,,,,,,,,,,,,,,0.101,0.899
blocker_density,Nb=1,1,1.0,BeliefAwareRollout,0.635,0.4814301610825811,1.434131094115276,2.3427992843524654,1.231781094115276,1.9477509578274625,0.103,0.3039588787977742,0.74325,0.4368402883205715,0.959,0.198290191386261,0.1290632392187673,0.07224632125456709,4.74275,0.5296908886322287,0.7837840222828163,0.9656314286338024,0.9005,0.29933217334593354,0.04759161331951618,0.19392316677902804,,,6.433532130628375,1.0000155606345493,0.0,0.0,6.450710348298202,0.9894177179688921,,,,,,,,,,,,,,,,,,,,,,,,,,,0.04759161331951618,0.19392316677902804,0.11164540589630037,0.3388872157273222,8.0,0.0,,,,,,,,,,,,,,,,,0.766055561813487,0.34306880389491573,1.507102206703897,0.6751924143421474,1.4857293684224162,0.6949362140211026,0.9005,0.29933217334593354,,,7.801,0.5986643466918671,7.801,0.5986643466918671,0.199,0.5986643466918671,1.983,0.12927103310486848,0.0,0.0,1.0,0.0,0.9956217141747474,0.00685009325575836,0.8583829632475972,0.09408737036653492,3.6634931371212005,0.603144094355151,1.0,0.0,0.09731991172329389,0.15481829544788345,0.13017550503929307,0.08222831565012936,0.0995,0.29933217334593354,16.0,0.0,0.18525,0.81475
blocker_density,Nb=1,1,1.0,OneStepPredictive,0.4155,0.49280802550283215,1.9931842825459574,2.084547500859288,2.012221782545957,2.05421156511115,0.03125,0.17399263633843817,0.88925,0.3138223024260704,0.959,0.198290191386261,0.1290632392187673,0.07224632125456709,4.74275,0.5296908886322287,0.25853573249969486,0.013748055160583797,0.7505480073466897,0.15859327932640074,0.6024201660230756,0.256745880883174,0.8087932103099301,0.4151197812236731,,,,,,,,,,,,,,,,,,,,,,,,,,,,,,,,,,,,,,,,,,,,,,,,,,,,,,,,,,,,,,,,,,,,,,,,,,,,,,,,,,,,,,,,,,,,,0.5425,0.4575
blocker_density,Nb=1,1,1.0,Oracle,1.0,0.0,0.0,0.0,0.0,0.0,0.00025,0.01580941175376237,0.91625,0.27701252228013085,0.959,0.198290191386261,0.1290632392187673,0.07224632125456709,4.74275,0.5296908886322287,1.3488924937419142,0.03343403706099822,1.0,0.0,0.0,0.0,,,,,,,,,,,,,,,,,,,,,,,,,,,,,,,,,,,,,,,,,,,,,,,,,,,,,,,,,,,,,,,,,,,,,,,,,,,,,,,,,,,,,,,,,,,,,,,0.0455,0.9545
blocker_density,Nb=1,1,1.0,ProposedV2,0.669,0.47057305490221174,1.214373947414666,2.137232012319917,1.081523947414666,1.8495500365974422,0.07275,0.2597256966493689,0.78525,0.4106488006800946,0.959,0.198290191386261,0.1290632392187673,0.07224632125456709,4.74275,0.5296908886322287,0.27280572724612284,0.3364774190282638,0.9261102790981531,0.1488794027411232,0.26723001144826414,0.3853068878136146,0.23628737501986324,0.4154511722098642,5.653091923591767,0.8494566546396931,6.779354840265629,0.5314395318209784,0.172744970798183,0.06328293528636246,0.6011680726800779,0.09338225179762745,0.08296937582739988,0.026157672878258414,0.5101982207169864,0.04234806009324191,0.5,0.0,0.5,0.0,0.5999999999999998,2.220446049250313e-16,0.25,0.0,0.20000000000000004,2.7755575615628914e-17,0.20000000000000004,2.7755575615628914e-17,0.9000000000000002,2.220446049250313e-16,2.0,0.0,12.0,0.0,6.0,0.0,0.10988564905892717,0.16288290257300872,,,12.56275,1.0833108683568167,0.002340046322670639,0.01004741419678011,0.009924580028194796,0.02574910610174006,0.0025957170668397143,0.05088201371554227,0.0,0.0,1.0,0.0,0.0,0.0,0.0,0.0,0.3056456846203764,0.4606803665160019,,,,,,,0.61475,0.4866543306084926,0.38525,0.4866543306084926,13.460739779364049,1.3170067030358474,13.123945489941596,0.9922890282186624,5.157689811810513,3.6518404394964854,,,,,,,,,,,,,,,,,,,0.259,0.43808560807221225,,,0.194,0.806
blocker_density,Nb=1,1,1.0,Reactive,0.67575,0.4680939408922102,1.2672096883515513,2.2581879402813354,1.0645971883515515,1.8466519098783447,0.1,0.3,0.74375,0.436561493377508,0.959,0.198290191386261,0.1290632392187673,0.07224632125456709,4.74275,0.5296908886322287,0.0027565937698454945,0.0010793180693073326,1.0,0.0,0.0,0.0,,,,,,,,,,,,,,,,,,,,,,,,,,,,,,,,,,,,,,,,,,,,,,,,,,,,,,,,,,,,,,,,,,,,,,,,,,,,,,,,,,,,,,,,,,,,,,,0.14875,0.85125
blocker_density,Nb=2,2,2.0,BeliefAwareRollout,0.63275,0.4820554299040723,1.4242810108236186,2.3017447426541455,1.1924935108236185,1.8929137549747934,0.1195,0.3243759393049984,0.73975,0.4387709396712594,0.91725,0.27550397002584187,0.14403212423488593,0.10257244644868027,4.506,0.7224707606540212,0.9752079525242152,1.154591445396381,0.83525,0.3709547647624977,0.08904310463964939,0.27263762822462384,,,6.42470360147754,1.0918667454063418,0.0,0.0,6.442899163268584,1.0826442805422996,,,,,,,,,,,,,,,,,,,,,,,,,,,0.08904310463964939,0.27263762822462384,0.18722678777934634,0.42610938752131267,8.0,0.0,,,,,,,,,,,,,,,,,0.6402514746169266,0.38922748151320163,1.2599559469008499,0.7661906431938563,1.2430554388068114,0.7760076433458609,0.83525,0.3709547647624977,,,7.6705,0.7419095295249954,7.6705,0.7419095295249954,0.3295,0.7419095295249954,1.972,0.16497272501841023,0.0,0.0,1.0,0.0,0.9948856721669436,0.00786339594306025,0.8614797431454062,0.09250510047354782,3.61790345877409,0.6200345478248055,1.0,0.0,0.15416808731484025,0.18600891197719785,0.1442015751211584,0.10943418229895355,0.16475,0.3709547647624977,16.0,0.0,0.22225,0.77775
blocker_density,Nb=2,2,2.0,OneStepPredictive,0.426,0.49449368044495773,1.9629043284354561,2.12790594065185,1.9400543284354563,2.054159539064415,0.05075,0.2194867592817389,0.865,0.34172357249683555,0.91725,0.27550397002584187,0.14403212423488593,0.10257244644868027,4.506,0.7224707606540212,0.2725156192764189,0.039873096115774456,0.7377502963915468,0.17302038871692169,0.5910851990319789,0.27186874093206326,0.8488641859311611,0.4516442290991921,,,,,,,,,,,,,,,,,,,,,,,,,,,,,,,,,,,,,,,,,,,,,,,,,,,,,,,,,,,,,,,,,,,,,,,,,,,,,,,,,,,,,,,,,,,,,0.5435,0.4565
blocker_density,Nb=2,2,2.0,Oracle,1.0,0.0,0.0,0.0,0.0,0.0,0.00025,0.01580941175376237,0.9195,0.2720657089748724,0.91725,0.27550397002584187,0.14403212423488593,0.10257244644868027,4.506,0.7224707606540212,1.9852957905050062,0.07522346763904697,1.0,0.0,0.0,0.0,,,,,,,,,,,,,,,,,,,,,,,,,,,,,,,,,,,,,,,,,,,,,,,,,,,,,,,,,,,,,,,,,,,,,,,,,,,,,,,,,,,,,,,,,,,,,,,0.087,0.913
blocker_density,Nb=2,2,2.0,ProposedV2,0.66325,0.47259860082315097,1.2017966988553337,2.0811926489207404,1.0562716988553338,1.7951516246507733,0.08325,0.2762597283354923,0.78875,0.40819534233011523,0.91725,0.27550397002584187,0.14403212423488593,0.10257244644868027,4.506,0.7224707606540212,0.38181642046401976,0.3619434372799804,0.8791487579196692,0.183237517925569,0.33026794654503466,0.387952035277737,0.3766086490880698,0.5056327297246683,5.60080742938913,0.8696441244212093,6.726101961524653,0.5453679166802797,0.17943405275779375,0.06111251635923207,0.5920383693045563,0.0907412505257731,0.08346943848049469,0.025417190988647972,0.5093699892219022,0.04293089589098396,0.5,0.0,0.5,0.0,0.5999999999999998,2.220446049250313e-16,0.25,0.0,0.20000000000000004,2.7755575615628914e-17,0.20000000000000004,2.7755575615628914e-17,0.9000000000000002,2.220446049250313e-16,2.0,0.0,12.0,0.0,6.0,0.0,0.13637576347993666,0.1629818870199138,,,12.849,1.2440655127444054,0.002724516205042958,0.010938947156197509,0.009897823856888916,0.025269953771847063,0.002398081534772182,0.04891145816395956,0.0,0.0,1.0,0.0,0.0,0.0,0.0,0.0,0.3251798561151079,0.46844201059689944,,,,,,,0.47875,0.4995482334069455,0.52125,0.4995482334069455,13.628776978417266,1.3035044778912255,13.277697841726619,0.9606684697128233,5.677697841726618,3.4715294903292353,,,,,,,,,,,,,,,,,,,0.38225,0.4859371744371899,,,0.24475,0.75525
blocker_density,Nb=2,2,2.0,Reactive,0.66525,0.471902995858259,1.2803065544747225,2.231415057764982,1.0456565544747227,1.8039836886948213,0.11675,0.3211221535490817,0.73625,0.44066533503328803,0.91725,0.27550397002584187,0.14403212423488593,0.10257244644868027,4.506,0.7224707606540212,0.002855960508895805,0.00040919792625771883,1.0,0.0,0.0,0.0,,,,,,,,,,,,,,,,,,,,,,,,,,,,,,,,,,,,,,,,,,,,,,,,,,,,,,,,,,,,,,,,,,,,,,,,,,,,,,,,,,,,,,,,,,,,,,,0.18675,0.81325
blocker_density,Nb=3,3,3.0,BeliefAwareRollout,0.596,0.4906974628016738,1.542324713863411,2.314788330741901,1.266499713863411,1.8822214513002706,0.14575,0.3528554059384665,0.73075,0.44357010438035605,0.86025,0.34672746862629733,0.16766675842477166,0.14525290170726177,4.233,0.9039972345090442,1.1663138319800055,1.2976850337950496,0.77225,0.41938042097837613,0.11733662968277932,0.2990155201252948,,,6.225572830602183,1.0620672166749237,0.0,0.0,6.244548631211667,1.0524914967109502,,,,,,,,,,,,,,,,,,,,,,,,,,,0.11733662968277932,0.2990155201252948,0.2560418789187195,0.4760664196142097,8.0,0.0,,,,,,,,,,,,,,,,,0.5363400559874957,0.4047487385489802,1.055187200212362,0.7964104149505326,1.0397723255164473,0.8010886577690979,0.77225,0.41938042097837613,,,7.5445,0.8387608419567523,7.5445,0.8387608419567523,0.4555,0.8387608419567523,1.96875,0.17399263633843817,0.0,0.0,1.0,0.0,0.9938854997605086,0.008627414199591904,0.8672678963541984,0.08833164354704472,3.551664794743061,0.6325870600609885,1.0,0.0,0.1981261274112635,0.19924001673767336,0.16683792800891387,0.14962350969398303,0.22775,0.41938042097837613,16.0,0.0,0.29525,0.70425
blocker_density,Nb=3,3,3.0,OneStepPredictive,0.42875,0.4948974009832746,1.9907784649075082,2.193196619118327,1.9078784649075085,2.061112500418742,0.08075,0.2724507983104473,0.83975,0.3668377536459409,0.86025,0.34672746862629733,0.16766675842477166,0.14525290170726177,4.233,0.9039972345090442,0.27385042648347735,0.03957583370166518,0.7174157119169832,0.18314641680131985,0.5583850293606519,0.2867437766873342,0.8833715502591803,0.4536096084942094,,,,,,,,,,,,,,,,,,,,,,,,,,,,,,,,,,,,,,,,,,,,,,,,,,,,,,,,,,,,,,,,,,,,,,,,,,,,,,,,,,,,,,,,,,,,,0.5625,0.437
blocker_density,Nb=3,3,3.0,Oracle,1.0,0.0,0.0,0.0,0.0,0.0,0.00075,0.027375856150995536,0.92375,0.2653976968626518,0.86025,0.34672746862629733,0.16766675842477166,0.14525290170726177,4.233,0.9039972345090442,2.5846815782233534,0.08557979172298166,1.0,0.0,0.0,0.0,,,,,,,,,,,,,,,,,,,,,,,,,,,,,,,,,,,,,,,,,,,,,,,,,,,,,,,,,,,,,,,,,,,,,,,,,,,,,,,,,,,,,,,,,,,,,,,0.14325,0.85625
blocker_density,Nb=3,3,3.0,ProposedV2,0.60275,0.48932855782183815,1.4148077919166973,2.176511109286021,1.2472952919166973,1.8797389752430724,0.10125,0.30165947275031824,0.7815,0.41322844771385236,0.86025,0.34672746862629733,0.16766675842477166,0.14525290170726177,4.233,0.9039972345090442,0.4616260537377457,0.3417941776780417,0.8345718311965465,0.20345001149023956,0.3818636363893747,0.381380102262562,0.5089906074488536,0.5525763679715487,5.463403603177586,0.9066196384860841,6.640005891229136,0.5167731993005562,0.18556379243074522,0.05940878022765618,0.5834568864611782,0.08899353127853785,0.0836337473050161,0.0240061196166707,0.5043386160350618,0.04249428974599904,0.5,0.0,0.5,0.0,0.5999999999999998,2.220446049250313e-16,0.25,0.0,0.20000000000000004,2.7755575615628914e-17,0.20000000000000004,2.7755575615628914e-17,0.9000000000000002,2.220446049250313e-16,2.0,0.0,12.0,0.0,6.0,0.0,0.16183212194979946,0.16139518211818066,,,13.11975,1.3300037358970087,0.0025665011493851793,0.009977528547920922,0.012837938147506535,0.028356996484086298,0.0011705033164260631,0.034192590402195314,0.0,0.0,1.0,0.0,0.0,0.0,0.0,0.0,0.36012485368708547,0.48003639804075354,,,,,,,0.35925,0.47978061392682375,0.64075,0.4797806139268238,13.747561451424112,1.2897858374418703,13.381974248927039,0.924172967120671,6.0733515411627,3.257346204481367,,,,,,,,,,,,,,,,,,,0.501,0.499998999999,,,0.33725,0.66225
blocker_density,Nb=3,3,3.0,Reactive,0.649,0.4772829349557765,1.3099814794837565,2.184892874986324,1.0251939794837568,1.711384078134633,0.1435,0.35058201608182926,0.72625,0.4458822013716179,0.86025,0.34672746862629733,0.16766675842477166,0.14525290170726177,4.233,0.9039972345090442,0.002923837247180927,0.0007822697167109556,1.0,0.0,0.0,0.0,,,,,,,,,,,,,,,,,,,,,,,,,,,,,,,,,,,,,,,,,,,,,,,,,,,,,,,,,,,,,,,,,,,,,,,,,,,,,,,,,,,,,,,,,,,,,,,0.241,0.7585
blocker_speed,0.5x,0,0.5,BeliefAwareRollout,0.64475,0.47858900687332967,1.3771133222209047,2.286997732251847,1.1736383222209046,1.9048095137724108,0.10425,0.3055845832171512,0.75275,0.4314133024142858,0.91725,0.27550397002584187,0.1424094887350483,0.09846012143336647,4.5915,0.6683021397541684,0.9136372047723853,1.101877593479541,0.85275,0.35435495975081255,0.06787783133685589,0.22946603709605937,,,6.206188973404961,1.111733289915869,0.0,0.0,6.224692776652467,1.1025064557644142,,,,,,,,,,,,,,,,,,,,,,,,,,,0.06787783133685589,0.22946603709605937,0.1646067734078585,0.3998057386880164,8.0,0.0,,,,,,,,,,,,,,,,,0.693684765462162,0.38055064499977864,1.3647494089078382,0.7488576417424936,1.3451969331222582,0.762215385928413,0.85275,0.35435495975081255,,,7.7055,0.7087099195016252,7.7055,0.7087099195016252,0.2945,0.7087099195016251,1.98075,0.13740246540728446,0.0,0.0,1.0,0.0,0.9948010016828776,0.008259609145518796,0.8566216635219753,0.0978823647040655,3.6297571660280226,0.6333784717026735,1.0,0.0,0.12621147136505373,0.17460878159311596,0.14193419022531453,0.10391341779647958,0.14725,0.35435495975081255,16.0,0.0,0.22225,0.77775
blocker_speed,0.5x,0,0.5,OneStepPredictive,0.37125,0.48313914921065954,2.131843354062659,2.0679124019829493,2.1479808540626597,2.042135815511014,0.03575,0.18566619913166746,0.88975,0.3132011135037678,0.91725,0.27550397002584187,0.1424094887350483,0.09846012143336647,4.5915,0.6683021397541684,0.26520034865825437,0.02647108945684058,0.73586401630193,0.15971562551005497,0.5856686616949737,0.2528874708120067,0.861845923660323,0.4206491051424276,,,,,,,,,,,,,,,,,,,,,,,,,,,,,,,,,,,,,,,,,,,,,,,,,,,,,,,,,,,,,,,,,,,,,,,,,,,,,,,,,,,,,,,,,,,,,0.61175,0.38825
blocker_speed,0.5x,0,0.5,Oracle,1.0,0.0,0.0,0.0,0.0,0.0,0.0,0.0,0.92075,0.27012855735741825,0.91725,0.27550397002584187,0.1424094887350483,0.09846012143336647,4.5915,0.6683021397541684,1.5880168864805455,0.317651036619497,1.0,0.0,0.0,0.0,,,,,,,,,,,,,,,,,,,,,,,,,,,,,,,,,,,,,,,,,,,,,,,,,,,,,,,,,,,,,,,,,,,,,,,,,,,,,,,,,,,,,,,,,,,,,,,0.0875,0.9125
blocker_speed,0.5x,0,0.5,ProposedV2,0.67125,0.469758914231545,1.1637690528973805,2.0839792375981747,1.0438065528973808,1.818974486856697,0.0675,0.250885930255166,0.79975,0.4001873779868626,0.91725,0.27550397002584187,0.1424094887350483,0.09846012143336647,4.5915,0.6683021397541684,0.31523299125365156,0.34988489960396274,0.8974244066551328,0.1749043496359045,0.27742658254876734,0.37507332610792593,0.32380613588728013,0.4958945426627737,5.532954700320908,0.9330137346686985,6.710305657307896,0.5516403240834526,0.18317170564746152,0.061873973991505425,0.5864232743867656,0.09243142084108756,0.08590851198824487,0.024887966739595188,0.50724053551181,0.04271446130972452,0.5,0.0,0.5,0.0,0.5999999999999998,2.220446049250313e-16,0.25,0.0,0.20000000000000004,2.7755575615628914e-17,0.20000000000000004,2.7755575615628914e-17,0.9000000000000002,2.220446049250313e-16,2.0,0.0,12.0,0.0,6.0,0.0,0.11695577350700168,0.1600707940905353,,,12.691,1.1298314033518453,0.002055172742059145,0.00909700772955117,0.010115845163957908,0.02565506542996134,0.0011409013120365088,0.03375795693214716,0.0,0.0,1.0,0.0,0.0,0.0,0.0,0.0,0.30062749572162006,0.4585309199364503,,,,,,,0.56175,0.4961722861063483,0.43825,0.4961722861063483,13.576725613234455,1.2313480999272726,13.275527666856817,0.9612931419688995,5.7832287507130635,3.3849459458104696,,,,,,,,,,,,,,,,,,,0.32925,0.46994088724008676,,,0.238,0.762
blocker_speed,0.5x,0,0.5,Reactive,0.67325,0.46902498600820836,1.2163801273625279,2.17756223560969,0.9980926273625278,1.7733548452135894,0.108,0.3103804117530615,0.7435,0.4367009846565496,0.91725,0.27550397002584187,0.1424094887350483,0.09846012143336647,4.5915,0.6683021397541684,0.002783709495815856,0.0010235339146875972,1.0,0.0,0.0,0.0,,,,,,,,,,,,,,,,,,,,,,,,,,,,,,,,,,,,,,,,,,,,,,,,,,,,,,,,,,,,,,,,,,,,,,,,,,,,,,,,,,,,,,,,,,,,,,,0.184,0.816
blocker_speed,1x,1,1.0,BeliefAwareRollout,0.6545,0.47553101896721733,1.3497741743621239,2.2640333311218477,1.133486674362124,1.8585377389299012,0.10925,0.31195262060127016,0.74425,0.4362819472542956,0.9405,0.2365581323903281,0.13524226129928762,0.08612037593155461,4.68225,0.6223222135678591,0.8076207990034163,0.9749899363441525,0.89,0.3128897569432403,0.048186751285195346,0.19410312592747386,,,6.304822384119033,1.0800718667280926,0.0,0.0,6.32460951555859,1.0685662618930667,,,,,,,,,,,,,,,,,,,,,,,,,,,0.048186751285195346,0.19410312592747386,0.12210460520967957,0.3506604801617716,8.0,0.0,,,,,,,,,,,,,,,,,0.7521209143546366,0.35024100406783787,1.479561230556591,0.6890951401358466,1.4572475103535258,0.707935667645293,0.89,0.3128897569432403,,,7.78,0.6257795138864807,7.78,0.6257795138864807,0.22,0.6257795138864807,1.98325,0.12833330627705342,0.0,0.0,1.0,0.0,0.9953951297998428,0.007503479109119673,0.8557758318632841,0.09435268179951357,3.6567603085041047,0.6119255164886864,1.0,0.0,0.10125115221314081,0.1562189928815717,0.1343979138910072,0.0930549852272972,0.11,0.31288975694324034,16.0,0.0,0.192,0.808
blocker_speed,1x,1,1.0,OneStepPredictive,0.43475,0.4957241546465131,1.9453691332793832,2.080125938118057,1.9388191332793836,2.03573520473553,0.04175,0.20001734299805107,0.87275,0.3332528131914268,0.9405,0.2365581323903281,0.13524226129928762,0.08612037593155461,4.68225,0.6223222135678591,0.2637158299867224,0.017358600686888024,0.7428355702571571,0.16712135619942942,0.5918680074848235,0.2658526668784961,0.820220654791221,0.4298874779538934,,,,,,,,,,,,,,,,,,,,,,,,,,,,,,,,,,,,,,,,,,,,,,,,,,,,,,,,,,,,,,,,,,,,,,,,,,,,,,,,,,,,,,,,,,,,,0.5315,0.4685
blocker_speed,1x,1,1.0,Oracle,1.0,0.0,0.0,0.0,0.0,0.0,0.0,0.0,0.9175,0.27512497160381494,0.9405,0.2365581323903281,0.13524226129928762,0.08612037593155461,4.68225,0.6223222135678591,1.5827824324705944,0.30577627625354953,1.0,0.0,0.0,0.0,,,,,,,,,,,,,,,,,,,,,,,,,,,,,,,,,,,,,,,,,,,,,,,,,,,,,,,,,,,,,,,,,,,,,,,,,,,,,,,,,,,,,,,,,,,,,,,0.064,0.936
blocker_speed,1x,1,1.0,ProposedV2,0.6915,0.46187417117652296,1.1022450321306565,2.0410804454524705,0.9686450321306568,1.7402147171587299,0.0725,0.259313998850814,0.79225,0.4056968541904164,0.9405,0.2365581323903281,0.13524226129928762,0.08612037593155461,4.68225,0.6223222135678591,0.2839916847342465,0.347139861206661,0.9153599757924676,0.16183727352371835,0.2562134106270969,0.3740040538570387,0.26325617492105813,0.4460624614950175,5.598437088541091,0.9106859693020957,6.721131784825926,0.5352349563111418,0.17521433141394754,0.06352919439605584,0.5974408189379399,0.0938606911922599,0.08560932292385469,0.025548697410652646,0.5101301565585195,0.04361457745064018,0.5,0.0,0.5,0.0,0.5999999999999998,2.220446049250313e-16,0.25,0.0,0.20000000000000004,2.7755575615628914e-17,0.20000000000000004,2.7755575615628914e-17,0.9000000000000002,2.220446049250313e-16,2.0,0.0,12.0,0.0,6.0,0.0,0.10598257954830975,0.15733368959455413,,,12.587,1.0960980795531028,0.002554661055081789,0.011208780719222974,0.009554284700429065,0.025318461591691845,0.003838771593090211,0.06183878577192711,0.0,0.0,1.0,0.0,0.0,0.0,0.0,0.0,0.30326295585412666,0.45966785341237937,,,,,,,0.60925,0.48791847423519435,0.39075,0.4879184742351943,13.502239283429303,1.3037526825540162,13.166986564299425,0.9859591712355407,5.27063339731286,3.630443015584029,,,,,,,,,,,,,,,,,,,0.26725,0.4425239400303672,,,0.20475,0.79525
blocker_speed,1x,1,1.0,Reactive,0.6765,0.46781166082089054,1.2378833176041943,2.207605819407728,1.0231208176041946,1.792647237153402,0.10575,0.3075173775577569,0.74075,0.4382230453775794,0.9405,0.2365581323903281,0.13524226129928762,0.08612037593155461,4.68225,0.6223222135678591,0.002848710268153809,0.0010154928548520743,1.0,0.0,0.0,0.0,,,,,,,,,,,,,,,,,,,,,,,,,,,,,,,,,,,,,,,,,,,,,,,,,,,,,,,,,,,,,,,,,,,,,,,,,,,,,,,,,,,,,,,,,,,,,,,0.163,0.837
blocker_speed,1.5x,2,1.5,BeliefAwareRollout,0.637,0.4808648458766766,1.3963045974457713,2.285279244049642,1.1913170974457714,1.8980321013678683,0.1045,0.3059080744275966,0.75,0.4330127018922193,0.95425,0.2089424262805426,0.13010339683650204,0.0737469035096497,4.72025,0.5683220367890023,0.7925800707253075,0.972953174128696,0.89125,0.3113252920981525,0.054034234669804566,0.21871679328527857,,,6.473622559185686,1.1206365794509896,0.0,0.0,6.491642351451961,1.11186039869817,,,,,,,,,,,,,,,,,,,,,,,,,,,0.054034234669804566,0.21871679328527857,0.12384305552913141,0.3580980805974566,8.0,0.0,,,,,,,,,,,,,,,,,0.7655756616637175,0.34827218841264984,1.5060381694257376,0.6853369514433615,1.488083701466046,0.7018604628442149,0.89125,0.3113252920981525,,,7.7825,0.622650584196305,7.7825,0.622650584196305,0.2175,0.622650584196305,1.98,0.13999999999999999,0.0,0.0,1.0,0.0,0.995740506991744,0.006629335103448439,0.8558244566991925,0.09424823441637735,3.6659682407975196,0.6063485285899406,1.0,0.0,0.09635992151433749,0.15683914412582173,0.13001911655698314,0.0833639819133771,0.10875,0.3113252920981525,16.0,0.0,0.19175,0.80825
blocker_speed,1.5x,2,1.5,OneStepPredictive,0.43275,0.4954567968047265,1.9272313861722887,2.0805912598367238,1.933668886172289,2.037777548919556,0.0355,0.18503986057063487,0.88875,0.3144414691162729,0.95425,0.2089424262805426,0.13010339683650204,0.0737469035096497,4.72025,0.5683220367890023,0.2638784382843369,0.030498687795706313,0.74843486302346,0.1674850221701161,0.5996499845571815,0.2698901591465461,0.803212485840544,0.42942241326853686,,,,,,,,,,,,,,,,,,,,,,,,,,,,,,,,,,,,,,,,,,,,,,,,,,,,,,,,,,,,,,,,,,,,,,,,,,,,,,,,,,,,,,,,,,,,,0.52675,0.47325
blocker_speed,1.5x,2,1.5,Oracle,1.0,0.0,0.0,0.0,0.0,0.0,0.0,0.0,0.916,0.2773878151613729,0.95425,0.2089424262805426,0.13010339683650204,0.0737469035096497,4.72025,0.5683220367890023,1.576116198026284,0.2951212922606375,1.0,0.0,0.0,0.0,,,,,,,,,,,,,,,,,,,,,,,,,,,,,,,,,,,,,,,,,,,,,,,,,,,,,,,,,,,,,,,,,,,,,,,,,,,,,,,,,,,,,,,,,,,,,,,0.05025,0.94975
blocker_speed,1.5x,2,1.5,ProposedV2,0.67,0.47021271782034985,1.1879150319457972,2.080299227364091,1.0574150319457971,1.7960172196676432,0.07275,0.2597256966493689,0.7965,0.4026012295063194,0.95425,0.2089424262805426,0.13010339683650204,0.0737469035096497,4.72025,0.5683220367890023,0.2877826872490914,0.3462030217204541,0.9150386693514884,0.15997595625605238,0.2629369179494679,0.37651404490628915,0.26634439919609576,0.4458976525472326,5.628503862298365,0.8907895391055796,6.731028961521683,0.563130727088832,0.1714375392341494,0.06477547311955173,0.602510985561833,0.09543884188820674,0.08518267978083316,0.025603281154205414,0.5093941858221881,0.043572218331917864,0.5,0.0,0.5,0.0,0.5999999999999998,2.220446049250313e-16,0.25,0.0,0.20000000000000004,2.7755575615628914e-17,0.20000000000000004,2.7755575615628914e-17,0.9000000000000002,2.220446049250313e-16,2.0,0.0,12.0,0.0,6.0,0.0,0.10764074678633634,0.15828313354955653,,,12.55175,1.069729843231458,0.002409928430945186,0.009906878058044325,0.009607053222105477,0.0256280140853895,0.0012554927809165098,0.03541068368153284,0.0,0.0,1.0,0.0,0.0,0.0,0.0,0.0,0.3088512241054614,0.46201963754154374,,,,,,,0.60175,0.4895374730293893,0.39825,0.4895374730293893,13.385436283741369,1.31086102863671,13.074701820464533,0.9972059155557016,4.957940991839297,3.7099975250923833,,,,,,,,,,,,,,,,,,,0.25775,0.4373956304079867,,,0.21275,0.78725
blocker_speed,1.5x,2,1.5,Reactive,0.68225,0.46560169404760543,1.2070764992188943,2.180647035403533,1.0133389992188944,1.788566296559474,0.09625,0.29493378494163736,0.75275,0.4314133024142858,0.95425,0.2089424262805426,0.13010339683650204,0.0737469035096497,4.72025,0.5683220367890023,0.0028072457180314814,0.00046186682078267453,1.0,0.0,0.0,0.0,,,,,,,,,,,,,,,,,,,,,,,,,,,,,,,,,,,,,,,,,,,,,,,,,,,,,,,,,,,,,,,,,,,,,,,,,,,,,,,,,,,,,,,,,,,,,,,0.15625,0.84375
blocker_speed,2x,3,2.0,BeliefAwareRollout,0.62925,0.48300562884918846,1.4372250499335313,2.3010988872955083,1.2379125499335313,1.9299911501553657,0.102,0.3026483107502832,0.7475,0.43444648692330334,0.95575,0.20565003646972685,0.13001534302911782,0.07523461161308581,4.6995,0.6161978172632552,0.8065920479821216,0.9748674752081655,0.88875,0.3144414691162729,0.061342429846525194,0.22996120786246274,,,6.582560948173652,1.026340415052772,0.0,0.0,6.59873001631726,1.019242659055318,,,,,,,,,,,,,,,,,,,,,,,,,,,0.061342429846525194,0.22996120786246274,0.1281951677840421,0.3654962383065508,8.0,0.0,,,,,,,,,,,,,,,,,0.756139923932179,0.3513715880037932,1.4878314268407893,0.6915177712759947,1.46975983457622,0.7082354525958635,0.88875,0.3144414691162729,,,7.7775,0.6288829382325458,7.7775,0.6288829382325458,0.2225,0.6288829382325458,1.97875,0.14421663392272058,0.0,0.0,1.0,0.0,0.9957151470631361,0.00647747435644616,0.8533612428046763,0.09739702575281398,3.66581106197834,0.5988978575000483,1.0,0.0,0.10143561603629496,0.15946605575924552,0.12924897323173717,0.08430001299811446,0.11125,0.3144414691162729,16.0,0.0,0.2035,0.7965
blocker_speed,2x,3,2.0,OneStepPredictive,0.4445,0.4969102031554595,1.9223878896629933,2.1045797102003747,1.9000003896629933,2.0317688611644096,0.04875,0.2153449268034889,0.87725,0.3281500228554007,0.95575,0.20565003646972685,0.13001534302911782,0.07523461161308581,4.6995,0.6161978172632552,0.26196293827069894,0.015964703611665427,0.7537289571873844,0.16693090378154535,0.6098063026182353,0.2675090469032855,0.7954085068637505,0.4257980418641804,,,,,,,,,,,,,,,,,,,,,,,,,,,,,,,,,,,,,,,,,,,,,,,,,,,,,,,,,,,,,,,,,,,,,,,,,,,,,,,,,,,,,,,,,,,,,0.51075,0.48925
blocker_speed,2x,3,2.0,Oracle,1.0,0.0,0.0,0.0,0.0,0.0,0.0,0.0,0.91575,0.27776237596190023,0.95575,0.20565003646972685,0.13001534302911782,0.07523461161308581,4.6995,0.6161978172632552,1.574681145737486,0.29662879723190394,1.0,0.0,0.0,0.0,,,,,,,,,,,,,,,,,,,,,,,,,,,,,,,,,,,,,,,,,,,,,,,,,,,,,,,,,,,,,,,,,,,,,,,,,,,,,,,,,,,,,,,,,,,,,,,0.0485,0.9515
blocker_speed,2x,3,2.0,ProposedV2,0.638,0.48057881767718397,1.3088694290652583,2.1201898392777,1.1783944290652584,1.8542873587996391,0.0745,0.26258284407020954,0.7895,0.4076637707719439,0.95575,0.20565003646972685,0.13001534302911782,0.07523461161308581,4.6995,0.6161978172632552,0.29886371948850865,0.3509985716033549,0.9143760144077241,0.15858764836083925,0.27532232415303587,0.38160241072594775,0.2699523302768357,0.44044502702249505,5.61753886340963,0.8913423017973878,6.738138645290243,0.5395316076625019,0.16996964177292045,0.06373470021097442,0.604735883424408,0.09351485116686627,0.08716832825141599,0.025751864589225813,0.5088756497549012,0.042354201843184704,0.5,0.0,0.5,0.0,0.5999999999999998,2.220446049250313e-16,0.25,0.0,0.20000000000000004,2.7755575615628914e-17,0.20000000000000004,2.7755575615628914e-17,0.9000000000000002,2.220446049250313e-16,2.0,0.0,12.0,0.0,6.0,0.0,0.11263953250083995,0.161130985689531,,,12.5615,1.0664041213348718,0.002422810505575749,0.011150338648685696,0.008188847291809758,0.02310874125263791,0.00546448087431694,0.0737198773947106,0.0,0.0,1.0,0.0,0.0,0.0,0.0,0.0,0.2829386763812993,0.4504268883946625,,,,,,,0.58825,0.4921503200242788,0.41175,0.4921503200242787,13.363691560412873,1.2914996379020347,13.088038858530663,0.9961170410090464,4.931390406800243,3.738186989004869,,,,,,,,,,,,,,,,,,,0.26375,0.4406653350332881,,,0.2395,0.7605
blocker_speed,2x,3,2.0,Reactive,0.66675,0.4713750497215565,1.259349307532277,2.1924631933726326,1.072936807532277,1.8266800941262702,0.093,0.2904324362050492,0.7545,0.43038325943279904,0.95575,0.20565003646972685,0.13001534302911782,0.07523461161308581,4.6995,0.6161978172632552,0.0028335130200503045,0.0006829372058642085,1.0,0.0,0.0,0.0,,,,,,,,,,,,,,,,,,,,,,,,,,,,,,,,,,,,,,,,,,,,,,,,,,,,,,,,,,,,,,,,,,,,,,,,,,,,,,,,,,,,,,,,,,,,,,,0.17225,0.82775
obs_noise,0,0,0.0,BeliefAwareRollout,0.7225,0.4477652844962414,0.8800979912540166,1.7190714940669511,0.7866604912540166,1.514380625757005,0.05525,0.2284675852281894,0.844,0.3628553430776512,0.9405,0.2365581323903281,0.13524226129928762,0.08612037593155461,4.68225,0.6223222135678591,0.6957592699491215,0.830026948695259,0.92275,0.2669877103913212,0.03794883080720901,0.17390842215341804,,,6.0836115662334045,1.039222462142961,0.0,0.0,6.106577679871743,1.026186283490141,,,,,,,,,,,,,,,,,,,,,,,,,,,0.03794883080720901,0.17390842215341804,0.08648079480928046,0.3012588244620632,8.0,0.0,,,,,,,,,,,,,,,,,0.8018032768031749,0.33631269452762236,1.5770506238151567,0.6618220081462959,1.5642272313193613,0.6745566944446806,0.92275,0.2669877103913212,,,7.8455,0.5339754207826424,7.8455,0.5339754207826424,0.1545,0.5339754207826424,1.9905,0.0970038659023443,0.0,0.0,1.0,0.0,0.995711454898119,0.007271369945672202,0.8549791964888572,0.09298571202985989,3.6734236847758295,0.5812384376451813,1.0,0.0,0.08706486175135972,0.1585524632316213,0.13524226129055023,0.08612037586173722,0.07725,0.2669877103913212,16.0,0.0,0.22075,0.77925
obs_noise,0,0,0.0,OneStepPredictive,0.4265,0.49456824604901595,1.9587815950670322,2.055332444308082,1.9606940950670324,2.027888022634207,0.039,0.19359493795035035,0.88825,0.31505862549690655,0.9405,0.2365581323903281,0.13524226129928762,0.08612037593155461,4.68225,0.6223222135678591,0.26145462100976147,0.015055360103570743,0.7308407818116248,0.16096603543860494,0.5743970000110566,0.25595436459988413,0.8512722059609369,0.4013661189755321,,,,,,,,,,,,,,,,,,,,,,,,,,,,,,,,,,,,,,,,,,,,,,,,,,,,,,,,,,,,,,,,,,,,,,,,,,,,,,,,,,,,,,,,,,,,,0.54975,0.45025
obs_noise,0,0,0.0,Oracle,1.0,0.0,0.0,0.0,0.0,0.0,0.0,0.0,0.9175,0.27512497160381494,0.9405,0.2365581323903281,0.13524226129928762,0.08612037593155461,4.68225,0.6223222135678591,1.577666856022006,0.3047104156694331,1.0,0.0,0.0,0.0,,,,,,,,,,,,,,,,,,,,,,,,,,,,,,,,,,,,,,,,,,,,,,,,,,,,,,,,,,,,,,,,,,,,,,,,,,,,,,,,,,,,,,,,,,,,,,,0.064,0.936
obs_noise,0,0,0.0,ProposedV2,0.69425,0.4607243617392073,0.9857452637594184,1.7919538641551416,0.9207327637594185,1.6388538825453842,0.04625,0.21002604005218017,0.8605,0.3464675309462634,0.9405,0.2365581323903281,0.13524226129928762,0.08612037593155461,4.68225,0.6223222135678591,0.21890188202723948,0.33149292745669656,0.9225954183414579,0.15820641070127434,0.17156112702190876,0.31184915534929836,0.23930887858569622,0.4509649727193215,5.3991224410686085,0.8324797754139952,6.7109690284729,0.5207183534815716,0.17480851063829786,0.05506771008064964,0.5999148936170212,0.08037143289122499,0.08754971636736647,0.024818536503210486,0.5134300668188866,0.0461325124422553,0.5,0.0,0.5,0.0,0.5999999999999998,2.220446049250313e-16,0.25,0.0,0.20000000000000004,2.7755575615628914e-17,0.20000000000000004,2.7755575615628914e-17,0.9000000000000002,2.220446049250313e-16,2.0,0.0,12.0,0.0,6.0,0.0,0.07501316901013251,0.1359656810474852,,,12.491,1.008424017960699,0.0019349016724748815,0.009626230317231494,0.006003654307507454,0.018253820542620224,0.002553191489361702,0.050464568784250534,0.0,0.0,1.0,0.0,0.0,0.0,0.0,0.0,0.24170212765957447,0.4281147149356224,,,,,,,0.70625,0.4554788002750512,0.29375,0.45547880027505133,13.671489361702127,1.2201133165431708,13.385531914893617,0.9226945012291234,5.812765957446809,3.488925764153957,,,,,,,,,,,,,,,,,,,0.21675,0.41203086959595636,,,0.26725,0.73275
obs_noise,0,0,0.0,Reactive,0.73925,0.4390437762911575,0.803483791408167,1.6631701578838987,0.7183712914081669,1.4679001926762787,0.04925,0.2163895503484399,0.84825,0.35877839608872775,0.9405,0.2365581323903281,0.13524226129928762,0.08612037593155461,4.68225,0.6223222135678591,0.002822307255883061,0.000857519638152364,1.0,0.0,0.0,0.0,,,,,,,,,,,,,,,,,,,,,,,,,,,,,,,,,,,,,,,,,,,,,,,,,,,,,,,,,,,,,,,,,,,,,,,,,,,,,,,,,,,,,,,,,,,,,,,0.20375,0.79625
obs_noise,0.02,1,0.02,BeliefAwareRollout,0.73825,0.43958723536972727,0.8602137543321103,1.753612317376275,0.7399887543321104,1.4769003680541342,0.06525,0.24696647039628677,0.8185,0.38543190059983357,0.9405,0.2365581323903281,0.13524226129928762,0.08612037593155461,4.68225,0.6223222135678591,0.7156469140118134,0.8558879652246468,0.91875,0.2732186624299299,0.03771160126030445,0.17484025480585877,,,6.126448486071367,1.0424618072997236,0.0,0.0,6.148801471966963,1.0299430708149815,,,,,,,,,,,,,,,,,,,,,,,,,,,0.03771160126030445,0.17484025480585877,0.09078061609397246,0.3077738051491309,8.0,0.0,,,,,,,,,,,,,,,,,0.7905056350306551,0.3338667757483331,1.5552664244803243,0.6570871288170731,1.541310556047396,0.6707452487025141,0.91875,0.2732186624299299,,,7.8375,0.5464373248598599,7.8375,0.5464373248598599,0.1625,0.5464373248598599,1.9895,0.10193012312363799,0.0,0.0,1.0,0.0,0.9957812521308661,0.007149170385582492,0.8522346230559051,0.09569091379312396,3.68689695417881,0.5938631096429072,1.0,0.0,0.09246225875128142,0.15666920460874642,0.13469653703165385,0.08773109901961673,0.08125,0.2732186624299299,16.0,0.0,0.18325,0.81675
obs_noise,0.02,1,0.02,OneStepPredictive,0.40775,0.4914162568535966,2.019325813673398,2.044718932381774,2.0250883136733977,2.016858251067316,0.0385,0.19239997401247227,0.89375,0.3081573258905262,0.9405,0.2365581323903281,0.13524226129928762,0.08612037593155461,4.68225,0.6223222135678591,0.2622279404922665,0.02233028506822159,0.7305986938104033,0.15929660704979867,0.5749130717180669,0.2522436499959126,0.8581162477787584,0.40148006587602986,,,,,,,,,,,,,,,,,,,,,,,,,,,,,,,,,,,,,,,,,,,,,,,,,,,,,,,,,,,,,,,,,,,,,,,,,,,,,,,,,,,,,,,,,,,,,0.57475,0.42525
obs_noise,0.02,1,0.02,Oracle,1.0,0.0,0.0,0.0,0.0,0.0,0.0,0.0,0.9175,0.27512497160381494,0.9405,0.2365581323903281,0.13524226129928762,0.08612037593155461,4.68225,0.6223222135678591,1.5673758727398308,0.2993570024803552,1.0,0.0,0.0,0.0,,,,,,,,,,,,,,,,,,,,,,,,,,,,,,,,,,,,,,,,,,,,,,,,,,,,,,,,,,,,,,,,,,,,,,,,,,,,,,,,,,,,,,,,,,,,,,,0.064,0.936
obs_noise,0.02,1,0.02,ProposedV2,0.71625,0.4508169667392743,0.9195001493410534,1.7832521258212477,0.8338751493410536,1.5710782980393005,0.05275,0.22353397392790206,0.83575,0.3705022773209363,0.9405,0.2365581323903281,0.13524226129928762,0.08612037593155461,4.68225,0.6223222135678591,0.22724496248156356,0.3308292310579321,0.923043589796871,0.15778130401436968,0.1879267576597631,0.32775580485987155,0.23974898700695485,0.44987629460141826,5.421448854566778,0.8592788142452915,6.6959514737515,0.5270860522422801,0.17349514563106794,0.05610684567657415,0.6015372168284789,0.08178371155523025,0.08690435830262583,0.02510353187340114,0.5105868840776987,0.04483152878177986,0.5,0.0,0.5,0.0,0.5999999999999998,2.220446049250313e-16,0.25,0.0,0.20000000000000004,2.7755575615628914e-17,0.20000000000000004,2.7755575615628914e-17,0.9000000000000002,2.220446049250313e-16,2.0,0.0,12.0,0.0,6.0,0.0,0.08005003983490826,0.14086267550154738,,,12.50975,1.032426722581317,0.0023657117237888495,0.011365640464840803,0.00681006669708826,0.0198989382341072,0.007281553398058253,0.08502077615600484,0.0,0.0,1.0,0.0,0.0,0.0,0.0,0.0,0.24757281553398058,0.43160226660961615,,,,,,,0.691,0.4620811617021408,0.309,0.4620811617021408,13.64967637540453,1.2526056565678707,13.346278317152104,0.938131828193835,5.671521035598706,3.5543215799320196,,,,,,,,,,,,,,,,,,,0.22275,0.41609186185264424,,,0.22425,0.77575
obs_noise,0.02,1,0.02,Reactive,0.7515,0.4321432054307924,0.7698433438062382,1.6578351189033482,0.6640433438062381,1.4000146453392721,0.0565,0.23088471149038864,0.82425,0.3806073271759229,0.9405,0.2365581323903281,0.13524226129928762,0.08612037593155461,4.68225,0.6223222135678591,0.0028397267478794674,0.000956474008618673,1.0,0.0,0.0,0.0,,,,,,,,,,,,,,,,,,,,,,,,,,,,,,,,,,,,,,,,,,,,,,,,,,,,,,,,,,,,,,,,,,,,,,,,,,,,,,,,,,,,,,,,,,,,,,,0.1705,0.8295
obs_noise,0.05,2,0.05,BeliefAwareRollout,0.63525,0.4813599874314441,1.4411749443213488,2.3127163763617147,1.2156749443213488,1.9045186976440636,0.11425,0.3181146609321866,0.74475,0.4360016485060578,0.9405,0.2365581323903281,0.13524226129928762,0.08612037593155461,4.68225,0.6223222135678591,0.8752707647372517,1.0603004085285805,0.86325,0.34358323227421905,0.06194653218388556,0.22051394615492853,,,6.386591786374994,1.0698882727335366,0.0,0.0,6.405075854836696,1.0591009137384366,,,,,,,,,,,,,,,,,,,,,,,,,,,0.06194653218388556,0.22051394615492853,0.15286175235917357,0.3878655463898258,8.0,0.0,,,,,,,,,,,,,,,,,0.7295910140208427,0.3677774873132561,1.4351092243650547,0.7235702488302994,1.4131820780123465,0.7402518213457685,0.86325,0.34358323227421905,,,7.7265,0.6871664645484382,7.7265,0.6871664645484382,0.2735,0.6871664645484381,1.97725,0.14910545764659322,0.0,0.0,1.0,0.0,0.9952517470866442,0.0075085104623427625,0.8567212043739856,0.09402544167572358,3.644251471102238,0.619084125118867,1.0,0.0,0.10125115221314081,0.1562189928815717,0.13443373495272862,0.09676823984663434,0.13675,0.34358323227421905,16.0,0.0,0.20975,0.79025
obs_noise,0.05,2,0.05,OneStepPredictive,0.4435,0.49679749395503187,1.9143457852589214,2.0825080631893913,1.9033707852589214,2.0322509971341964,0.04325,0.20341936363089916,0.8705,0.3357525130211239,0.9405,0.2365581323903281,0.13524226129928762,0.08612037593155461,4.68225,0.6223222135678591,0.26261211650398764,0.015538941207521815,0.7443300736658275,0.16707188839664927,0.5931431978680194,0.2668783579819545,0.8129281744454055,0.42812206738966746,,,,,,,,,,,,,,,,,,,,,,,,,,,,,,,,,,,,,,,,,,,,,,,,,,,,,,,,,,,,,,,,,,,,,,,,,,,,,,,,,,,,,,,,,,,,,0.521,0.479
obs_noise,0.05,2,0.05,Oracle,1.0,0.0,0.0,0.0,0.0,0.0,0.0,0.0,0.9175,0.27512497160381494,0.9405,0.2365581323903281,0.13524226129928762,0.08612037593155461,4.68225,0.6223222135678591,1.5656626025047444,0.29640539855169173,1.0,0.0,0.0,0.0,,,,,,,,,,,,,,,,,,,,,,,,,,,,,,,,,,,,,,,,,,,,,,,,,,,,,,,,,,,,,,,,,,,,,,,,,,,,,,,,,,,,,,,,,,,,,,,0.064,0.936
obs_noise,0.05,2,0.05,ProposedV2,0.6855,0.4643164330497037,1.1214381516276672,2.045822047602458,0.9921381516276672,1.7513028580643886,0.072,0.2584879107424562,0.79625,0.40278522502693664,0.9405,0.2365581323903281,0.13524226129928762,0.08612037593155461,4.68225,0.6223222135678591,0.3098291557898847,0.34974581741474187,0.9089478908106685,0.16363968746416804,0.2854920065291226,0.3840296528858129,0.28698541258089244,0.4556389851968377,5.604332151801088,0.9111811777567229,6.701810656869134,0.5335759100604442,0.17938372093023253,0.06909610237125437,0.5900581395348837,0.10297887056374808,0.08638683316232854,0.025511815218310526,0.509560927766007,0.042524493922359796,0.5,0.0,0.5,0.0,0.5999999999999998,2.220446049250313e-16,0.25,0.0,0.20000000000000004,2.7755575615628914e-17,0.20000000000000004,2.7755575615628914e-17,0.9000000000000002,2.220446049250313e-16,2.0,0.0,12.0,0.0,6.0,0.0,0.11682058592614251,0.16056692055057095,,,12.58575,1.0801143168665066,0.0022738534242434556,0.010198486109168828,0.008084105526985123,0.02298710738190383,0.0034883720930232558,0.05895933643761498,0.0,0.0,1.0,0.0,0.0,0.0,0.0,0.0,0.2819767441860465,0.44996206498357544,,,,,,,0.57,0.4950757517794625,0.43,0.4950757517794625,13.362209302325581,1.2866360512147792,13.053488372093023,0.9985684723897698,5.082558139534884,3.618129153609803,,,,,,,,,,,,,,,,,,,0.28875,0.45318146199949527,,,0.215,0.785
obs_noise,0.05,2,0.05,Reactive,0.67875,0.4669565691796187,1.2189359896074934,2.2021419247004137,1.0178859896074934,1.7966728226907007,0.09925,0.29899738711232915,0.74775,0.4343039690124879,0.9405,0.2365581323903281,0.13524226129928762,0.08612037593155461,4.68225,0.6223222135678591,0.0027897002755707945,0.000420907178662574,1.0,0.0,0.0,0.0,,,,,,,,,,,,,,,,,,,,,,,,,,,,,,,,,,,,,,,,,,,,,,,,,,,,,,,,,,,,,,,,,,,,,,,,,,,,,,,,,,,,,,,,,,,,,,,0.16525,0.83475
obs_noise,0.1,3,0.1,BeliefAwareRollout,0.479,0.4995588053472784,2.2906720865135726,2.731901437321556,1.9601970865135727,2.2702373776134297,0.16775,0.37364413216321213,0.67,0.47021271782034985,0.9405,0.2365581323903281,0.13524226129928762,0.08612037593155461,4.68225,0.6223222135678591,1.294404953787307,1.3732254002718023,0.72875,0.4446048104777995,0.14769253082275388,0.34729548820966955,,,6.617947835647565,1.099649393421666,0.0,0.0,6.633792364564359,1.0919974869358278,,,,,,,,,,,,,,,,,,,,,,,,,,,0.14769253082275388,0.34729548820966955,0.31011409997398126,0.515089299264163,8.0,0.0,,,,,,,,,,,,,,,,,0.6004824750350053,0.4196219043600359,1.1809290868399294,0.8255406357188131,1.1404517730829824,0.8409025306714575,0.72875,0.4446048104777995,,,7.4575,0.8892096209555987,7.4575,0.8892096209555987,0.5425,0.889209620955599,1.941,0.23562470159132295,0.0,0.0,1.0,0.0,0.994379413202405,0.008078103800657495,0.8608706768192351,0.09408749200724313,3.598508842229843,0.6114627959579674,1.0,0.0,0.11680322268429699,0.16178995151319736,0.13882305675535464,0.11880326401921909,0.27125,0.4446048104777995,16.0,0.0,0.283,0.717
obs_noise,0.1,3,0.1,OneStepPredictive,0.4625,0.49859176687947826,1.8543378198052094,2.11866998405736,1.8251753198052096,2.0311288989876255,0.05,0.21794494717703364,0.86175,0.3451621901367529,0.9405,0.2365581323903281,0.13524226129928762,0.08612037593155461,4.68225,0.6223222135678591,0.2629612737264324,0.020432081492000934,0.7499729853346944,0.1791372713893014,0.6042231579013169,0.2852853866928189,0.795341060327366,0.4578697630488198,,,,,,,,,,,,,,,,,,,,,,,,,,,,,,,,,,,,,,,,,,,,,,,,,,,,,,,,,,,,,,,,,,,,,,,,,,,,,,,,,,,,,,,,,,,,,0.4905,0.5095
obs_noise,0.1,3,0.1,Oracle,1.0,0.0,0.0,0.0,0.0,0.0,0.0,0.0,0.9175,0.27512497160381494,0.9405,0.2365581323903281,0.13524226129928762,0.08612037593155461,4.68225,0.6223222135678591,1.5711165032425924,0.3089672439486881,1.0,0.0,0.0,0.0,,,,,,,,,,,,,,,,,,,,,,,,,,,,,,,,,,,,,,,,,,,,,,,,,,,,,,,,,,,,,,,,,,,,,,,,,,,,,,,,,,,,,,,,,,,,,,,0.064,0.936
obs_noise,0.1,3,0.1,ProposedV2,0.5915,0.49155645657442043,1.5667696720058883,2.343763194034681,1.4113446720058882,2.0450901002398014,0.08825,0.28365813490890757,0.771,0.4201892430798294,0.9405,0.2365581323903281,0.13524226129928762,0.08612037593155461,4.68225,0.6223222135678591,0.45700661979390134,0.3355921515206753,0.8709583785347641,0.1790908348728509,0.4403657774850726,0.4053793643296495,0.4108461622297764,0.48881098326232775,5.685980040636325,0.9477096611834337,6.694265621293196,0.5544651775211394,0.18953118946144906,0.07996883531694218,0.5720263463773732,0.12005471794006785,0.0869905216931858,0.025120452878534257,0.507615337984731,0.04168169483907072,0.5,0.0,0.5,0.0,0.5999999999999998,2.220446049250313e-16,0.25,0.0,0.20000000000000004,2.7755575615628914e-17,0.20000000000000004,2.7755575615628914e-17,0.9000000000000002,2.220446049250313e-16,2.0,0.0,12.0,0.0,6.0,0.0,0.16828315315192352,0.16516702900832472,,,12.69525,1.130211235787364,0.0037502239305628494,0.013136725566921543,0.011313453218540633,0.02714093049921624,0.007361487795428129,0.08548272511370875,0.0,0.0,1.0,0.0,0.0,0.0,0.0,0.0,0.40836884928322353,0.4915320256283607,,,,,,,0.35475,0.47843749591770085,0.64525,0.47843749591770085,13.077489345215033,1.252119803651178,12.774118558698179,0.9741548000576766,4.605191786129407,3.5519442280711724,,,,,,,,,,,,,,,,,,,0.412,0.49219508327491457,,,0.277,0.723
obs_noise,0.1,3,0.1,Reactive,0.50925,0.49991443017780557,2.2374383017570745,2.8301250085547736,1.8647508017570746,2.313442530422625,0.1825,0.38625606791350214,0.63025,0.4827369236965409,0.9405,0.2365581323903281,0.13524226129928762,0.08612037593155461,4.68225,0.6223222135678591,0.002857386249161209,0.0006525001078053655,1.0,0.0,0.0,0.0,,,,,,,,,,,,,,,,,,,,,,,,,,,,,,,,,,,,,,,,,,,,,,,,,,,,,,,,,,,,,,,,,,,,,,,,,,,,,,,,,,,,,,,,,,,,,,,0.21075,0.78925
reflection_strength,0.3x,0,0.3,BeliefAwareRollout,0.712,0.45283109433871693,1.1584564916935605,2.2638972049304624,0.9574064916935606,1.8259829168793047,0.13325,0.3398447255733124,0.717,0.4504564351854683,0.9405,0.2365581323903281,0.06791415164284609,0.09681735905376045,4.68225,0.6223222135678591,0.7019866392674885,0.841404086427158,0.9195,0.2720657089748724,0.0384989584505558,0.18071486594299435,,,6.10947243023363,1.1119023379564767,0.0,0.0,6.133303863069285,1.0994089550160908,,,,,,,,,,,,,,,,,,,,,,,,,,,0.0384989584505558,0.18071486594299435,0.09040813393474251,0.30828306780025844,8.0,0.0,,,,,,,,,,,,,,,,,0.777968496137777,0.3271886285322841,1.5304889905090922,0.6438613113383671,1.5152554547451733,0.6590385881638824,0.9195,0.2720657089748724,,,7.839,0.5441314179497451,7.839,0.5441314179497451,0.161,0.5441314179497448,1.98825,0.10775870034479816,0.0,0.0,1.0,0.0,0.995694692119956,0.007577046897412088,0.8551188071593642,0.09378527745834352,3.704733899772167,0.6259749210875241,1.0,0.0,0.10125115221314081,0.1562189928815717,0.06958497632934632,0.10127032778950003,0.0805,0.2720657089748724,16.0,0.0,0.138,0.862
reflection_strength,0.3x,0,0.3,OneStepPredictive,0.58975,0.49187898664203983,1.7386816921205104,2.4579965893809326,1.6530316921205108,2.309573951697528,0.1015,0.301989652140599,0.745,0.43586121644395015,0.9405,0.2365581323903281,0.06791415164284609,0.09681735905376045,4.68225,0.6223222135678591,0.26072081349957443,0.013985866867176056,0.7655507460013032,0.18184267291917297,0.6177115252502262,0.29599611304753026,0.7238403756516054,0.46304927734811013,,,,,,,,,,,,,,,,,,,,,,,,,,,,,,,,,,,,,,,,,,,,,,,,,,,,,,,,,,,,,,,,,,,,,,,,,,,,,,,,,,,,,,,,,,,,,0.296,0.704
reflection_strength,0.3x,0,0.3,Oracle,1.0,0.0,0.0,0.0,0.0,0.0,0.03325,0.17928869875148298,0.87975,0.3252536510171715,0.9405,0.2365581323903281,0.06791415164284609,0.09681735905376045,4.68225,0.6223222135678591,1.5990638669718464,0.3222215803524645,1.0,0.0,0.0,0.0,,,,,,,,,,,,,,,,,,,,,,,,,,,,,,,,,,,,,,,,,,,,,,,,,,,,,,,,,,,,,,,,,,,,,,,,,,,,,,,,,,,,,,,,,,,,,,,0.0595,0.9405
reflection_strength,0.3x,0,0.3,ProposedV2,0.7235,0.44726697843681684,1.1208718893176086,2.214507738840376,0.9664093893176084,1.8689520423305073,0.11425,0.31811466093218654,0.743,0.43697940454900164,0.9405,0.2365581323903281,0.06791415164284609,0.09681735905376045,4.68225,0.6223222135678591,0.2738011442424977,0.34468855276322985,0.9165825757756829,0.16383132626853023,0.24142408749461175,0.3690368110512774,0.2490813168073073,0.43598653649448366,5.582711966726867,0.941164749793391,6.750249504963821,0.5541494245850638,0.16594019933554816,0.05207262126755816,0.612890365448505,0.07385865512636787,0.08732611832032568,0.026444483477486305,0.5151197758029862,0.046303195636210714,0.5,0.0,0.5,0.0,0.5999999999999998,2.220446049250313e-16,0.25,0.0,0.20000000000000004,2.7755575615628914e-17,0.20000000000000004,2.7755575615628914e-17,0.9000000000000002,2.220446049250313e-16,2.0,0.0,12.0,0.0,6.0,0.0,0.1025750867136077,0.15779412174009727,,,12.62,1.1227644454648538,0.0024606753301580878,0.010359763067391467,0.007928426974635583,0.02244741737480792,0.0026578073089701,0.0514853704393635,0.0,0.0,1.0,0.0,0.0,0.0,0.0,0.0,0.3029900332225914,0.45955094711072497,,,,,,,0.62375,0.48444394670591157,0.37625,0.48444394670591157,13.647840531561462,1.2871342609840875,13.32358803986711,0.9461980661864415,5.425913621262459,3.7018437866974,,,,,,,,,,,,,,,,,,,0.25725,0.4371183335207985,,,0.15525,0.84475
reflection_strength,0.3x,0,0.3,Reactive,0.71775,0.4500943651058076,1.109559656274097,2.209527101072392,0.9052971562740972,1.776260409337064,0.133,0.33957473404244903,0.7155,0.4511759634555014,0.9405,0.2365581323903281,0.06791415164284609,0.09681735905376045,4.68225,0.6223222135678591,0.0029104269824529183,0.0008290988064165489,1.0,0.0,0.0,0.0,,,,,,,,,,,,,,,,,,,,,,,,,,,,,,,,,,,,,,,,,,,,,,,,,,,,,,,,,,,,,,,,,,,,,,,,,,,,,,,,,,,,,,,,,,,,,,,0.128,0.872
reflection_strength,0.6x,1,0.6,BeliefAwareRollout,0.68575,0.4642164769802985,1.227136475573789,2.221921480778094,1.027711475573789,1.8251384634492493,0.10675,0.3087951384008498,0.74325,0.43684028832057153,0.9405,0.2365581323903281,0.10091788047021429,0.09095970302386708,4.68225,0.6223222135678591,0.7046102137546768,0.8475220322070244,0.91725,0.27550397002584187,0.03896975828707218,0.17874294309566402,,,6.158712740499087,1.0920915596269443,0.0,0.0,6.181909954872015,1.0794466815959853,,,,,,,,,,,,,,,,,,,,,,,,,,,0.03896975828707218,0.17874294309566402,0.09305844643388948,0.3125144662409429,8.0,0.0,,,,,,,,,,,,,,,,,0.7760723726805848,0.3290371533377767,1.5266731048059805,0.6474448188617954,1.506949312694067,0.6667360423465345,0.91725,0.27550397002584187,,,7.8345,0.5510079400516837,7.8345,0.5510079400516837,0.1655,0.5510079400516837,1.98825,0.10775870034479816,0.0,0.0,1.0,0.0,0.995700874388218,0.007425377101950668,0.8546004571020603,0.09412311218289379,3.685789107620716,0.613299852417275,1.0,0.0,0.10125115221314081,0.1562189928815717,0.10056476395203208,0.0971508363225116,0.08275,0.27550397002584187,16.0,0.0,0.161,0.839
reflection_strength,0.6x,1,0.6,OneStepPredictive,0.46925,0.499053541716718,2.018693755105844,2.247057022390405,1.989393755105844,2.191866293648257,0.0575,0.23279551112510735,0.841,0.3656760861746363,0.9405,0.2365581323903281,0.10091788047021429,0.09095970302386708,4.68225,0.6223222135678591,0.26272496303408843,0.025196181304150807,0.7445778560861945,0.17212165912402327,0.5926099531911313,0.2746418024222556,0.8117975953035057,0.44975112274348616,,,,,,,,,,,,,,,,,,,,,,,,,,,,,,,,,,,,,,,,,,,,,,,,,,,,,,,,,,,,,,,,,,,,,,,,,,,,,,,,,,,,,,,,,,,,,0.476,0.524
reflection_strength,0.6x,1,0.6,Oracle,1.0,0.0,0.0,0.0,0.0,0.0,0.007,0.08337265738837883,0.906,0.2918287168871494,0.9405,0.2365581323903281,0.10091788047021429,0.09095970302386708,4.68225,0.6223222135678591,1.5846222132367984,0.30758467342104434,1.0,0.0,0.0,0.0,,,,,,,,,,,,,,,,,,,,,,,,,,,,,,,,,,,,,,,,,,,,,,,,,,,,,,,,,,,,,,,,,,,,,,,,,,,,,,,,,,,,,,,,,,,,,,,0.0595,0.9405
reflection_strength,0.6x,1,0.6,ProposedV2,0.7,0.45825756949558394,1.1406372188175422,2.124835603549976,1.0020747188175423,1.8226447147042202,0.0805,0.2720657089748725,0.77525,0.4174175816852951,0.9405,0.2365581323903281,0.10091788047021429,0.09095970302386708,4.68225,0.6223222135678591,0.26565711777038814,0.3429461944098848,0.9209905630946159,0.1579586940169724,0.23802606983110308,0.36707632705198523,0.24204429533798247,0.4324076552720931,5.559671557325721,0.8918910142808449,6.74762215862876,0.5362309236510288,0.16747599451303155,0.05531622312066031,0.6101508916323731,0.07956399880984111,0.08704712546707753,0.026745596790478617,0.5142192070785047,0.04485482563661626,0.5,0.0,0.5,0.0,0.5999999999999998,2.220446049250313e-16,0.25,0.0,0.20000000000000004,2.7755575615628914e-17,0.20000000000000004,2.7755575615628914e-17,0.9000000000000002,2.220446049250313e-16,2.0,0.0,12.0,0.0,6.0,0.0,0.10026627278688147,0.15715118853365123,,,12.59175,1.1162804027214668,0.0022742554509631563,0.01016580306210318,0.008378905053818995,0.02286445088756418,0.00411522633744856,0.06401789788520185,0.0,0.0,1.0,0.0,0.0,0.0,0.0,0.0,0.289437585733882,0.45350134475922305,,,,,,,0.6355,0.48128967368934905,0.3645,0.4812896736893489,13.623456790123457,1.320482769559509,13.277091906721536,0.9608434186845551,5.347050754458162,3.7024435187818416,,,,,,,,,,,,,,,,,,,0.24725,0.4314133024142858,,,0.1805,0.8195
reflection_strength,0.6x,1,0.6,Reactive,0.697,0.4595552197505758,1.1700275917625318,2.1818017613099787,0.9665150917625318,1.7808795511831177,0.10675,0.3087951384008498,0.73975,0.4387709396712594,0.9405,0.2365581323903281,0.10091788047021429,0.09095970302386708,4.68225,0.6223222135678591,0.0028205382304804516,0.0004999567111608899,1.0,0.0,0.0,0.0,,,,,,,,,,,,,,,,,,,,,,,,,,,,,,,,,,,,,,,,,,,,,,,,,,,,,,,,,,,,,,,,,,,,,,,,,,,,,,,,,,,,,,,,,,,,,,,0.146,0.854
reflection_strength,1x,2,1.0,BeliefAwareRollout,0.6545,0.47553101896721733,1.3497741743621239,2.2640333311218477,1.133486674362124,1.8585377389299012,0.10925,0.31195262060127016,0.74425,0.4362819472542956,0.9405,0.2365581323903281,0.13524226129928762,0.08612037593155461,4.68225,0.6223222135678591,0.7924455787542684,0.96335644764873,0.89,0.3128897569432403,0.048186751285195346,0.19410312592747386,,,6.304822384119033,1.0800718667280926,0.0,0.0,6.32460951555859,1.0685662618930667,,,,,,,,,,,,,,,,,,,,,,,,,,,0.048186751285195346,0.19410312592747386,0.12210460520967957,0.3506604801617716,8.0,0.0,,,,,,,,,,,,,,,,,0.7521209143546366,0.35024100406783787,1.479561230556591,0.6890951401358466,1.4572475103535258,0.707935667645293,0.89,0.3128897569432403,,,7.78,0.6257795138864807,7.78,0.6257795138864807,0.22,0.6257795138864807,1.98325,0.12833330627705342,0.0,0.0,1.0,0.0,0.9953951297998428,0.007503479109119673,0.8557758318632841,0.09435268179951357,3.6567603085041047,0.6119255164886864,1.0,0.0,0.10125115221314081,0.1562189928815717,0.1343979138910072,0.0930549852272972,0.11,0.31288975694324034,16.0,0.0,0.192,0.808
reflection_strength,1x,2,1.0,OneStepPredictive,0.43475,0.4957241546465131,1.9453691332793832,2.080125938118057,1.9388191332793836,2.03573520473553,0.04175,0.20001734299805107,0.87275,0.3332528131914268,0.9405,0.2365581323903281,0.13524226129928762,0.08612037593155461,4.68225,0.6223222135678591,0.2614579322280406,0.02012726444479382,0.7428355702571571,0.16712135619942942,0.5918680074848235,0.2658526668784961,0.820220654791221,0.4298874779538934,,,,,,,,,,,,,,,,,,,,,,,,,,,,,,,,,,,,,,,,,,,,,,,,,,,,,,,,,,,,,,,,,,,,,,,,,,,,,,,,,,,,,,,,,,,,,0.5315,0.4685
reflection_strength,1x,2,1.0,Oracle,1.0,0.0,0.0,0.0,0.0,0.0,0.0,0.0,0.9175,0.27512497160381494,0.9405,0.2365581323903281,0.13524226129928762,0.08612037593155461,4.68225,0.6223222135678591,1.5900924967427272,0.3007577596693399,1.0,0.0,0.0,0.0,,,,,,,,,,,,,,,,,,,,,,,,,,,,,,,,,,,,,,,,,,,,,,,,,,,,,,,,,,,,,,,,,,,,,,,,,,,,,,,,,,,,,,,,,,,,,,,0.064,0.936
reflection_strength,1x,2,1.0,ProposedV2,0.6915,0.46187417117652296,1.1022450321306565,2.0410804454524705,0.9686450321306568,1.7402147171587299,0.0725,0.259313998850814,0.79225,0.4056968541904164,0.9405,0.2365581323903281,0.13524226129928762,0.08612037593155461,4.68225,0.6223222135678591,0.28517615350756387,0.34876112155415656,0.9153599757924676,0.16183727352371835,0.2562134106270969,0.3740040538570387,0.26325617492105813,0.4460624614950175,5.598437088541091,0.9106859693020957,6.721131784825926,0.5352349563111418,0.17521433141394754,0.06352919439605584,0.5974408189379399,0.0938606911922599,0.08560932292385469,0.025548697410652646,0.5101301565585195,0.04361457745064018,0.5,0.0,0.5,0.0,0.5999999999999998,2.220446049250313e-16,0.25,0.0,0.20000000000000004,2.7755575615628914e-17,0.20000000000000004,2.7755575615628914e-17,0.9000000000000002,2.220446049250313e-16,2.0,0.0,12.0,0.0,6.0,0.0,0.10598257954830975,0.15733368959455413,,,12.587,1.0960980795531028,0.002554661055081789,0.011208780719222974,0.009554284700429065,0.025318461591691845,0.003838771593090211,0.06183878577192711,0.0,0.0,1.0,0.0,0.0,0.0,0.0,0.0,0.30326295585412666,0.45966785341237937,,,,,,,0.60925,0.48791847423519435,0.39075,0.4879184742351943,13.502239283429303,1.3037526825540162,13.166986564299425,0.9859591712355407,5.27063339731286,3.630443015584029,,,,,,,,,,,,,,,,,,,0.26725,0.4425239400303672,,,0.20475,0.79525
reflection_strength,1x,2,1.0,Reactive,0.6765,0.46781166082089054,1.2378833176041943,2.207605819407728,1.0231208176041946,1.792647237153402,0.10575,0.3075173775577569,0.74075,0.4382230453775794,0.9405,0.2365581323903281,0.13524226129928762,0.08612037593155461,4.68225,0.6223222135678591,0.0029176547232054872,0.0013795727261901021,1.0,0.0,0.0,0.0,,,,,,,,,,,,,,,,,,,,,,,,,,,,,,,,,,,,,,,,,,,,,,,,,,,,,,,,,,,,,,,,,,,,,,,,,,,,,,,,,,,,,,,,,,,,,,,0.163,0.837
reflection_strength,1.5x,3,1.5,BeliefAwareRollout,0.546,0.49787950349457044,1.7359014357116507,2.369467080427702,1.513426435711651,1.9887899362974324,0.1175,0.3220151393956502,0.7375,0.43999289766995103,0.9405,0.2365581323903281,0.16782734858408502,0.08266526413653283,4.68225,0.6223222135678591,1.2024389989792326,1.3186919337555474,0.75575,0.429641638461637,0.11904192086160183,0.3038637227157823,,,6.574560958824236,1.0069411068763698,0.0,0.0,6.5898824027397245,0.9989425716150742,,,,,,,,,,,,,,,,,,,,,,,,,,,0.11904192086160183,0.3038637227157823,0.278086840480733,0.49468195194744724,8.0,0.0,,,,,,,,,,,,,,,,,0.6399296798017878,0.4195684752794402,1.2586710316828398,0.8253612441548077,1.2397331248175374,0.8344045397993292,0.75575,0.429641638461637,,,7.5115,0.8592832769232741,7.5115,0.8592832769232741,0.4885,0.8592832769232741,1.96125,0.19299854274061246,0.0,0.0,1.0,0.0,0.9949879245012998,0.007358713689342449,0.8574251612648368,0.09379256610624245,3.6257349352240564,0.5983330956321338,1.0,0.0,0.10125115221314081,0.1562189928815717,0.16680822041485227,0.09004266465460493,0.24425,0.42964163846163705,16.0,0.0,0.3005,0.6995
reflection_strength,1.5x,3,1.5,OneStepPredictive,0.40825,0.4915098549368058,1.8215392205026268,1.9197122363934647,1.8248017205026275,1.8634724480166172,0.039,0.19359493795035035,0.8985,0.30198965214059903,0.9405,0.2365581323903281,0.16782734858408502,0.08266526413653283,4.68225,0.6223222135678591,0.2642279354886341,0.024224910221899633,0.7414213081225752,0.1620597440285198,0.5936478247828781,0.25729204120492677,0.8359622188936919,0.4184161573967067,,,,,,,,,,,,,,,,,,,,,,,,,,,,,,,,,,,,,,,,,,,,,,,,,,,,,,,,,,,,,,,,,,,,,,,,,,,,,,,,,,,,,,,,,,,,,0.587,0.413
reflection_strength,1.5x,3,1.5,Oracle,1.0,0.0,0.0,0.0,0.0,0.0,0.0,0.0,0.93675,0.24341207344747715,0.9405,0.2365581323903281,0.16782734858408502,0.08266526413653283,4.68225,0.6223222135678591,1.648730999527288,0.3934912222586634,1.0,0.0,0.0,0.0,,,,,,,,,,,,,,,,,,,,,,,,,,,,,,,,,,,,,,,,,,,,,,,,,,,,,,,,,,,,,,,,,,,,,,,,,,,,,,,,,,,,,,,,,,,,,,,0.085,0.915
reflection_strength,1.5x,3,1.5,ProposedV2,0.6445,0.4786645485097053,1.1662912038059468,1.9927866911425567,1.0546912038059466,1.7171563077121075,0.0675,0.250885930255166,0.815,0.3882975663070785,0.9405,0.2365581323903281,0.16782734858408502,0.08266526413653283,4.68225,0.6223222135678591,0.3805032490145095,0.35336941918661885,0.8875915902853012,0.1723303377707674,0.35366990957036615,0.39584303297312323,0.3601275404561311,0.4794168877715028,5.646063127405503,0.9122945653593577,6.681659238254323,0.5328597473247685,0.19952,0.0788431365956181,0.5576,0.11927182991706259,0.08547938020089094,0.02486443162444879,0.5075257221109727,0.04212286198895465,0.5,0.0,0.5,0.0,0.5999999999999998,2.220446049250313e-16,0.25,0.0,0.20000000000000004,2.7755575615628914e-17,0.20000000000000004,2.7755575615628914e-17,0.9000000000000002,2.220446049250313e-16,2.0,0.0,12.0,0.0,6.0,0.0,0.13648080853002298,0.159565358811885,,,12.63675,1.098316638087578,0.0022497232679058524,0.01014480991030627,0.009674373640733607,0.025464208801435368,0.0042352941176470585,0.06494117647058824,0.0,0.0,1.0,0.0,0.0,0.0,0.0,0.0,0.29411764705882354,0.45564509955381377,,,,,,,0.46875,0.4990224819584785,0.53125,0.4990224819584785,13.198588235294118,1.2638309203195297,12.838588235294118,0.9868871476590082,5.062588235294117,3.3844402275678083,,,,,,,,,,,,,,,,,,,0.374,0.4838636171484688,,,0.28175,0.71825
reflection_strength,1.5x,3,1.5,Reactive,0.64275,0.4791893545353444,1.3403928493516841,2.2502164079496967,1.122742849351684,1.8327126283935482,0.108,0.3103804117530615,0.73325,0.44226059908158216,0.9405,0.2365581323903281,0.16782734858408502,0.08266526413653283,4.68225,0.6223222135678591,0.002849515000889369,0.0004597321638565127,1.0,0.0,0.0,0.0,,,,,,,,,,,,,,,,,,,,,,,,,,,,,,,,,,,,,,,,,,,,,,,,,,,,,,,,,,,,,,,,,,,,,,,,,,,,,,,,,,,,,,,,,,,,,,,0.20375,0.79625
