los_confidence_threshold,risk_threshold,path_spread_threshold,seed,avg_rate,outage,beam_success,avg_return,latency_ms,fallback_rate,reactive_guard_rate
0.5,0.15,0.2,0,5.146769317058482,0.05,0.79125,5.005706817058481,0.2652565649970029,0.3425,0.6575
0.5,0.15,0.2,1,5.049439333893672,0.07375,0.7925,4.863501833893673,0.35893415623547753,0.48375,0.51625
0.5,0.15,0.2,2,4.968051818139414,0.07250000000000001,0.81625,4.787989318139413,0.3268929387530761,0.435,0.565
0.5,0.15,0.2,3,4.91228076293938,0.07875,0.80125,4.717280762939379,0.33576539874957234,0.45625,0.54375
0.5,0.15,0.2,4,5.220403083849457,0.075,0.79,5.031590583849457,0.32284358375136435,0.4275,0.5725
0.5,0.15,0.4,0,5.142889209453381,0.051250000000000004,0.79,4.99895170945338,0.2583496437341637,0.3425,0.6575
0.5,0.15,0.4,1,5.044633659034903,0.07625,0.79,4.853321159034905,0.38057086999288003,0.48375,0.51625
0.5,0.15,0.4,2,4.968051818139414,0.07250000000000001,0.81625,4.787989318139413,0.40106915750698136,0.435,0.565
0.5,0.15,0.4,3,4.906799509875328,0.0825,0.79625,4.704299509875327,0.3370844475057311,0.45625,0.54375
0.5,0.15,0.4,4,5.220403083849457,0.075,0.79,5.031590583849457,0.3419964462585767,0.4275,0.5725
0.5,0.15,0.6,0,5.142889209453381,0.051250000000000004,0.79,4.99895170945338,0.2578101674919253,0.3425,0.6575
0.5,0.15,0.6,1,5.044633659034903,0.07625,0.79,4.853321159034905,0.3592005562501299,0.48375,0.51625
0.5,0.15,0.6,2,4.968051818139414,0.07250000000000001,0.81625,4.787989318139413,0.32696865000787056,0.435,0.565
0.5,0.15,0.6,3,4.906799509875328,0.0825,0.79625,4.704299509875327,0.3362244249944979,0.45625,0.54375
0.5,0.15,0.6,4,5.220403083849457,0.075,0.79,5.031590583849457,0.3212220774958041,0.4275,0.5725
0.5,0.15,0.8,0,5.142889209453381,0.051250000000000004,0.79,4.99895170945338,0.2605732912508074,0.3425,0.6575
0.5,0.15,0.8,1,5.044633659034903,0.07625,0.79,4.853321159034905,0.36412245000121857,0.48375,0.51625
0.5,0.15,0.8,2,4.968051818139414,0.07250000000000001,0.81625,4.787989318139413,0.32074613124393636,0.435,0.565
0.5,0.15,0.8,3,4.906799509875328,0.0825,0.79625,4.704299509875327,0.3400754150015928,0.45625,0.54375
0.5,0.15,0.8,4,5.220403083849457,0.075,0.79,5.031590583849457,0.32006647999594406,0.4275,0.5725
0.5,0.25,0.2,0,5.12122015262276,0.053750000000000006,0.785,4.970782652622759,0.2248046900024292,0.29375,0.70625
0.5,0.25,0.2,1,5.022945705710923,0.075,0.7875,4.833758205710923,0.333213159987622,0.44625,0.55375
0.5,0.25,0.2,2,4.957880880252806,0.0775,0.8075000000000001,4.766318380252805,0.29691667999941274,0.39875,0.60125
0.5,0.25,0.2,3,4.989794326716204,0.08125,0.7925,4.788856826716204,0.30947617249864834,0.4125,0.5875
0.5,0.25,0.2,4,5.226530670316105,0.07125000000000001,0.7925,5.0448431703161045,0.299185931250463,0.4025,0.5975
0.5,0.25,0.4,0,5.117340045017659,0.05500000000000001,0.7837500000000001,4.964027545017659,0.22477720999063422,0.29375,0.70625
0.5,0.25,0.4,1,4.99265390236538,0.08,0.7825,4.7932789023653815,0.33199246875085464,0.44625,0.55375
0.5,0.25,0.4,2,4.957880880252806,0.0775,0.8075000000000001,4.765943380252806,0.29550937875683303,0.39875,0.60125
0.5,0.25,0.4,3,4.986407974438558,0.08374999999999999,0.7887500000000001,4.780845474438557,0.3145517675022802,0.4125,0.5875
0.5,0.25,0.4,4,5.226530670316105,0.07125000000000001,0.7925,5.0448431703161045,0.2983079112465248,0.4025,0.5975
0.5,0.25,0.6,0,5.117340045017659,0.05500000000000001,0.7837500000000001,4.964027545017659,0.22489895624005385,0.29375,0.70625
0.5,0.25,0.6,1,4.99265390236538,0.08,0.7825,4.7932789023653815,0.3291468662501984,0.44625,0.55375
0.5,0.25,0.6,2,4.957880880252806,0.0775,0.8075000000000001,4.765943380252806,0.2971824437435089,0.39875,0.60125
0.5,0.25,0.6,3,4.986407974438558,0.08374999999999999,0.7887500000000001,4.780845474438557,0.34113076373955664,0.4125,0.5875
0.5,0.25,0.6,4,5.226530670316105,0.07125000000000001,0.7925,5.0448431703161045,0.3209152662446968,0.4025,0.5975
0.5,0.25,0.8,0,5.117340045017659,0.05500000000000001,0.7837500000000001,4.964027545017659,0.22504556624028282,0.29375,0.70625
0.5,0.25,0.8,1,4.99265390236538,0.08,0.7825,4.7932789023653815,0.3384226562485537,0.44625,0.55375
0.5,0.25,0.8,2,4.957880880252806,0.0775,0.8075000000000001,4.765943380252806,0.30052775375452256,0.39875,0.60125
0.5,0.25,0.8,3,4.986407974438558,0.08374999999999999,0.7887500000000001,4.780845474438557,0.30772045250500923,0.4125,0.5875
0.5,0.25,0.8,4,5.226530670316105,0.07125000000000001,0.7925,5.0448431703161045,0.3096671725103306,0.4025,0.5975
0.5,0.35,0.2,0,5.130162647152371,0.05625,0.78,4.974350147152371,0.2175459450040762,0.285,0.715
0.5,0.35,0.2,1,4.959005125522143,0.0775,0.7837500000000001,4.763317625522144,0.32309040374627784,0.4275,0.5725
0.5,0.35,0.2,2,4.9729970947770985,0.07875,0.805,4.778372094777098,0.2760647762499957,0.36625,0.63375
0.5,0.35,0.2,3,4.989671113322789,0.08125,0.7925,4.788733613322788,0.3042082200039431,0.40375,0.59625
0.5,0.35,0.2,4,5.216643995412134,0.07375,0.7887500000000001,5.028831495412135,0.29528094873739974,0.39125,0.60875
0.5,0.35,0.4,0,5.126282539547271,0.0575,0.77875,4.9675950395472706,0.21869850873713403,0.285,0.715
0.5,0.35,0.4,1,4.928713322176601,0.0825,0.77875,4.722838322176602,0.3253006800031244,0.4275,0.5725
0.5,0.35,0.4,2,4.9729970947770985,0.07875,0.805,4.777997094777098,0.27220057624447236,0.36625,0.63375
0.5,0.35,0.4,3,4.986284761045142,0.08374999999999999,0.7887500000000001,4.780722261045141,0.307207561243672,0.40375,0.59625
0.5,0.35,0.4,4,5.216643995412134,0.07375,0.7887500000000001,5.028831495412135,0.2920853625056452,0.39125,0.60875
0.5,0.35,0.6,0,5.126282539547271,0.0575,0.77875,4.9675950395472706,0.22106359874385362,0.285,0.715
0.5,0.35,0.6,1,4.928713322176601,0.0825,0.77875,4.722838322176602,0.322769471255242,0.4275,0.5725
0.5,0.35,0.6,2,4.9729970947770985,0.07875,0.805,4.777997094777098,0.2745732500147824,0.36625,0.63375
0.5,0.35,0.6,3,4.986284761045142,0.08374999999999999,0.7887500000000001,4.780722261045141,0.31034692125672336,0.40375,0.59625
0.5,0.35,0.6,4,5.216643995412134,0.07375,0.7887500000000001,5.028831495412135,0.29116697123697577,0.39125,0.60875
0.5,0.35,0.8,0,5.126282539547271,0.0575,0.77875,4.9675950395472706,0.22310897873865088,0.285,0.715
0.5,0.35,0.8,1,4.928713322176601,0.0825,0.77875,4.722838322176602,0.32106040000144276,0.4275,0.5725
0.5,0.35,0.8,2,4.9729970947770985,0.07875,0.805,4.777997094777098,0.27751932875219154,0.36625,0.63375
0.5,0.35,0.8,3,4.986284761045142,0.08374999999999999,0.7887500000000001,4.780722261045141,0.30338254750631677,0.40375,0.59625
0.5,0.35,0.8,4,5.216643995412134,0.07375,0.7887500000000001,5.028831495412135,0.2946776287535613,0.39125,0.60875
0.5,0.45,0.2,0,5.125533473172817,0.06125,0.77375,4.958033473172818,0.21298771999624933,0.275,0.725
0.5,0.45,0.2,1,4.959995286694339,0.07875,0.7837500000000001,4.761245286694339,0.34540603376228773,0.4075,0.5925
0.5,0.45,0.2,2,4.9729970947770985,0.07875,0.805,4.778372094777098,0.2816441237547451,0.35625,0.64375
0.5,0.45,0.2,3,4.993886940526426,0.0825,0.7925,4.789886940526425,0.2944593562534692,0.39,0.61
0.5,0.45,0.2,4,5.216779872290617,0.07375,0.7887500000000001,5.028967372290617,0.2877053737557844,0.37875,0.62125
0.5,0.45,0.4,0,5.121653365567717,0.0625,0.7725,4.951278365567718,0.21406769123757385,0.275,0.725
0.5,0.45,0.4,1,4.934639437793692,0.08374999999999999,0.77875,4.725326937793692,0.30774615249129056,0.4075,0.5925
0.5,0.45,0.4,2,4.9729970947770985,0.07875,0.805,4.777997094777098,0.27240406501334746,0.35625,0.64375
0.5,0.45,0.4,3,4.990500588248779,0.08499999999999999,0.7887500000000001,4.781875588248779,0.288611507510268,0.39,0.61
0.5,0.45,0.4,4,5.216779872290617,0.07375,0.7887500000000001,5.028967372290617,0.2873799400123289,0.37875,0.62125
0.5,0.45,0.6,0,5.121653365567717,0.0625,0.7725,4.951278365567718,0.2167814674987767,0.275,0.725
0.5,0.45,0.6,1,4.934639437793692,0.08374999999999999,0.77875,4.725326937793692,0.30781603874174834,0.4075,0.5925
0.5,0.45,0.6,2,4.9729970947770985,0.07875,0.805,4.777997094777098,0.27225259374972666,0.35625,0.64375
0.5,0.45,0.6,3,4.990500588248779,0.08499999999999999,0.7887500000000001,4.781875588248779,0.2923654725020697,0.39,0.61
0.5,0.45,0.6,4,5.216779872290617,0.07375,0.7887500000000001,5.028967372290617,0.28984411875171645,0.37875,0.62125
0.5,0.45,0.8,0,5.121653365567717,0.0625,0.7725,4.951278365567718,0.20951076125300006,0.275,0.725
0.5,0.45,0.8,1,4.934639437793692,0.08374999999999999,0.77875,4.725326937793692,0.30899426623989257,0.4075,0.5925
0.5,0.45,0.8,2,4.9729970947770985,0.07875,0.805,4.777997094777098,0.2696122524952216,0.35625,0.64375
0.5,0.45,0.8,3,4.990500588248779,0.08499999999999999,0.7887500000000001,4.781875588248779,0.29351614874315146,0.39,0.61
0.5,0.45,0.8,4,5.216779872290617,0.07375,0.7887500000000001,5.028967372290617,0.2863872937444967,0.37875,0.62125
0.5,0.55,0.2,0,5.125533473172817,0.06125,0.77375,4.958033473172818,0.20903300750717335,0.27,0.73
0.5,0.55,0.2,1,4.959299093192955,0.07875,0.7837500000000001,4.760549093192956,0.30532243999687125,0.4,0.6
0.5,0.55,0.2,2,4.9679070012245905,0.08,0.8037500000000001,4.770407001224591,0.26218166249407204,0.35125,0.64875
0.5,0.55,0.2,3,4.9815765148026125,0.08625,0.7887500000000001,4.7689515148026125,0.29308875374965737,0.38375,0.61625
0.5,0.55,0.2,4,5.220632790909436,0.07375,0.79,5.032820290909436,0.28160453250279716,0.3725,0.6275
0.5,0.55,0.4,0,5.121653365567717,0.0625,0.7725,4.951278365567718,0.20888431376363314,0.27,0.73
0.5,0.55,0.4,1,4.933943244292308,0.08374999999999999,0.77875,4.724630744292309,0.3025623425099866,0.4,0.6
0.5,0.55,0.4,2,4.9679070012245905,0.08,0.8037500000000001,4.770032001224591,0.26311458500117624,0.35125,0.64875
0.5,0.55,0.4,3,4.9781901625249665,0.08875,0.785,4.760940162524966,0.2921607274879534,0.38375,0.61625
0.5,0.55,0.4,4,5.220632790909436,0.07375,0.79,5.032820290909436,0.27730873500047437,0.3725,0.6275
0.5,0.55,0.6,0,5.121653365567717,0.0625,0.7725,4.951278365567718,0.21032880500229112,0.27,0.73
0.5,0.55,0.6,1,4.933943244292308,0.08374999999999999,0.77875,4.724630744292309,0.30034381499660867,0.4,0.6
0.5,0.55,0.6,2,4.9679070012245905,0.08,0.8037500000000001,4.770032001224591,0.263060742511243,0.35125,0.64875
0.5,0.55,0.6,3,4.9781901625249665,0.08875,0.785,4.760940162524966,0.28861343749667867,0.38375,0.61625
0.5,0.55,0.6,4,5.220632790909436,0.07375,0.79,5.032820290909436,0.27670697123994614,0.3725,0.6275
0.5,0.55,0.8,0,5.121653365567717,0.0625,0.7725,4.951278365567718,0.20908750000330656,0.27,0.73
0.5,0.55,0.8,1,4.933943244292308,0.08374999999999999,0.77875,4.724630744292309,0.2984657149988834,0.4,0.6
0.5,0.55,0.8,2,4.9679070012245905,0.08,0.8037500000000001,4.770032001224591,0.26377968876090563,0.35125,0.64875
0.5,0.55,0.8,3,4.9781901625249665,0.08875,0.785,4.760940162524966,0.2889470737471811,0.38375,0.61625
0.5,0.55,0.8,4,5.220632790909436,0.07375,0.79,5.032820290909436,0.2817441224965478,0.3725,0.6275
0.6,0.15,0.2,0,5.146769317058482,0.05,0.79125,5.005706817058481,0.2597443212368944,0.3425,0.6575
0.6,0.15,0.2,1,5.049439333893672,0.07375,0.7925,4.863501833893673,0.3561314137471072,0.48375,0.51625
0.6,0.15,0.2,2,4.968051818139414,0.07250000000000001,0.81625,4.787989318139413,0.3248025524874265,0.435,0.565
0.6,0.15,0.2,3,4.91228076293938,0.07875,0.80125,4.717280762939379,0.3384132149983543,0.45625,0.54375
0.6,0.15,0.2,4,5.220403083849457,0.075,0.79,5.031590583849457,0.32344198500538823,0.4275,0.5725
0.6,0.15,0.4,0,5.142889209453381,0.051250000000000004,0.79,4.99895170945338,0.2612146149999717,0.3425,0.6575
0.6,0.15,0.4,1,5.044633659034903,0.07625,0.79,4.853321159034905,0.3592646725041959,0.48375,0.51625
0.6,0.15,0.4,2,4.968051818139414,0.07250000000000001,0.81625,4.787989318139413,0.32397000500282047,0.435,0.565
0.6,0.15,0.4,3,4.906799509875328,0.0825,0.79625,4.704299509875327,0.33645365374184166,0.45625,0.54375
0.6,0.15,0.4,4,5.220403083849457,0.075,0.79,5.031590583849457,0.32541139499187466,0.4275,0.5725
0.6,0.15,0.6,0,5.142889209453381,0.051250000000000004,0.79,4.99895170945338,0.25820370374731283,0.3425,0.6575
0.6,0.15,0.6,1,5.044633659034903,0.07625,0.79,4.853321159034905,0.3629344412405544,0.48375,0.51625
0.6,0.15,0.6,2,4.968051818139414,0.07250000000000001,0.81625,4.787989318139413,0.32170158626058765,0.435,0.565
0.6,0.15,0.6,3,4.906799509875328,0.0825,0.79625,4.704299509875327,0.3400510962495673,0.45625,0.54375
0.6,0.15,0.6,4,5.220403083849457,0.075,0.79,5.031590583849457,0.322093760001394,0.4275,0.5725
0.6,0.15,0.8,0,5.142889209453381,0.051250000000000004,0.79,4.99895170945338,0.3026420275085684,0.3425,0.6575
0.6,0.15,0.8,1,5.044633659034903,0.07625,0.79,4.853321159034905,0.365015670005846,0.48375,0.51625
0.6,0.15,0.8,2,4.968051818139414,0.07250000000000001,0.81625,4.787989318139413,0.3205285937519875,0.435,0.565
0.6,0.15,0.8,3,4.906799509875328,0.0825,0.79625,4.704299509875327,0.3423197900036712,0.45625,0.54375
0.6,0.15,0.8,4,5.220403083849457,0.075,0.79,5.031590583849457,0.31737581125128145,0.4275,0.5725
0.6,0.25,0.2,0,5.12122015262276,0.053750000000000006,0.785,4.970782652622759,0.23116080625356972,0.29375,0.70625
0.6,0.25,0.2,1,5.022945705710923,0.075,0.7875,4.833758205710923,0.3356753837579163,0.44625,0.55375
0.6,0.25,0.2,2,4.957880880252806,0.0775,0.8075000000000001,4.766318380252805,0.3003919849976455,0.39875,0.60125
0.6,0.25,0.2,3,4.989794326716204,0.08125,0.7925,4.788856826716204,0.30881515874739307,0.4125,0.5875
0.6,0.25,0.2,4,5.226530670316105,0.07125000000000001,0.7925,5.0448431703161045,0.30076146874762344,0.4025,0.5975
0.6,0.25,0.4,0,5.117340045017659,0.05500000000000001,0.7837500000000001,4.964027545017659,0.227221953751382,0.29375,0.70625
0.6,0.25,0.4,1,4.99265390236538,0.08,0.7825,4.7932789023653815,0.33270698499165974,0.44625,0.55375
0.6,0.25,0.4,2,4.957880880252806,0.0775,0.8075000000000001,4.765943380252806,0.29984114500393844,0.39875,0.60125
0.6,0.25,0.4,3,4.986407974438558,0.08374999999999999,0.7887500000000001,4.780845474438557,0.31053338624928983,0.4125,0.5875
0.6,0.25,0.4,4,5.226530670316105,0.07125000000000001,0.7925,5.0448431703161045,0.3020383387536185,0.4025,0.5975
0.6,0.25,0.6,0,5.117340045017659,0.05500000000000001,0.7837500000000001,4.964027545017659,0.22640374874470126,0.29375,0.70625
0.6,0.25,0.6,1,4.99265390236538,0.08,0.7825,4.7932789023653815,0.33079198999473647,0.44625,0.55375
0.6,0.25,0.6,2,4.957880880252806,0.0775,0.8075000000000001,4.765943380252806,0.3051045100005467,0.39875,0.60125
0.6,0.25,0.6,3,4.986407974438558,0.08374999999999999,0.7887500000000001,4.780845474438557,0.3040577649971965,0.4125,0.5875
0.6,0.25,0.6,4,5.226530670316105,0.07125000000000001,0.7925,5.0448431703161045,0.3033224200009954,0.4025,0.5975
0.6,0.25,0.8,0,5.117340045017659,0.05500000000000001,0.7837500000000001,4.964027545017659,0.22552504499401493,0.29375,0.70625
0.6,0.25,0.8,1,4.99265390236538,0.08,0.7825,4.7932789023653815,0.33490453999718284,0.44625,0.55375
0.6,0.25,0.8,2,4.957880880252806,0.0775,0.8075000000000001,4.765943380252806,0.30489788499721726,0.39875,0.60125
0.6,0.25,0.8,3,4.986407974438558,0.08374999999999999,0.7887500000000001,4.780845474438557,0.30949406626064047,0.4125,0.5875
0.6,0.25,0.8,4,5.226530670316105,0.07125000000000001,0.7925,5.0448431703161045,0.31849137749645706,0.4025,0.5975
0.6,0.35,0.2,0,5.130162647152371,0.05625,0.78,4.974350147152371,0.21565181123889943,0.285,0.715
0.6,0.35,0.2,1,4.959005125522143,0.0775,0.7837500000000001,4.763317625522144,0.32394991374360416,0.4275,0.5725
0.6,0.35,0.2,2,4.9729970947770985,0.07875,0.805,4.778372094777098,0.27595567874925564,0.36625,0.63375
0.6,0.35,0.2,3,4.989671113322789,0.08125,0.7925,4.788733613322788,0.3086632750012086,0.40375,0.59625
0.6,0.35,0.2,4,5.216643995412134,0.07375,0.7887500000000001,5.028831495412135,0.2948177587427381,0.39125,0.60875
0.6,0.35,0.4,0,5.126282539547271,0.0575,0.77875,4.9675950395472706,0.2243043325177041,0.285,0.715
0.6,0.35,0.4,1,4.928713322176601,0.0825,0.77875,4.722838322176602,0.3222314187513575,0.4275,0.5725
0.6,0.35,0.4,2,4.9729970947770985,0.07875,0.805,4.777997094777098,0.27435926124837806,0.36625,0.63375
0.6,0.35,0.4,3,4.986284761045142,0.08374999999999999,0.7887500000000001,4.780722261045141,0.30485771373378157,0.40375,0.59625
0.6,0.35,0.4,4,5.216643995412134,0.07375,0.7887500000000001,5.028831495412135,0.2887876849933946,0.39125,0.60875
0.6,0.35,0.6,0,5.126282539547271,0.0575,0.77875,4.9675950395472706,0.21826250499316302,0.285,0.715
0.6,0.35,0.6,1,4.928713322176601,0.0825,0.77875,4.722838322176602,0.3193544100008694,0.4275,0.5725
0.6,0.35,0.6,2,4.9729970947770985,0.07875,0.805,4.777997094777098,0.2737523912577444,0.36625,0.63375
0.6,0.35,0.6,3,4.986284761045142,0.08374999999999999,0.7887500000000001,4.780722261045141,0.30327629249882193,0.40375,0.59625
0.6,0.35,0.6,4,5.216643995412134,0.07375,0.7887500000000001,5.028831495412135,0.2935604012395743,0.39125,0.60875
0.6,0.35,0.8,0,5.126282539547271,0.0575,0.77875,4.9675950395472706,0.22264868749630295,0.285,0.715
0.6,0.35,0.8,1,4.928713322176601,0.0825,0.77875,4.722838322176602,0.3179000675078214,0.4275,0.5725
0.6,0.35,0.8,2,4.9729970947770985,0.07875,0.805,4.777997094777098,0.27513568873530403,0.36625,0.63375
0.6,0.35,0.8,3,4.986284761045142,0.08374999999999999,0.7887500000000001,4.780722261045141,0.3046980337438754,0.40375,0.59625
0.6,0.35,0.8,4,5.216643995412134,0.07375,0.7887500000000001,5.028831495412135,0.2929237912485405,0.39125,0.60875
0.6,0.45,0.2,0,5.131757649434313,0.06,0.775,4.967132649434314,0.2154783500037638,0.27875,0.72125
0.6,0.45,0.2,1,4.959005125522143,0.0775,0.7837500000000001,4.763317625522144,0.30857613125476746,0.41625,0.58375
0.6,0.45,0.2,2,4.9729970947770985,0.07875,0.805,4.778372094777098,0.27147280125916495,0.36,0.64
0.6,0.45,0.2,3,4.995905872358588,0.08125,0.79375,4.7947808723585865,0.2945014187537254,0.39625,0.60375
0.6,0.45,0.2,4,5.216643995412134,0.07375,0.7887500000000001,5.028831495412135,0.29326567250507196,0.38625,0.61375
0.6,0.45,0.4,0,5.127877541829212,0.06125,0.77375,4.960377541829214,0.21687288625287238,0.27875,0.72125
0.6,0.45,0.4,1,4.933649276621497,0.0825,0.77875,4.727399276621498,0.3097841162423265,0.41625,0.58375
0.6,0.45,0.4,2,4.9729970947770985,0.07875,0.805,4.777997094777098,0.272830125005612,0.36,0.64
0.6,0.45,0.4,3,4.992519520080941,0.08374999999999999,0.79,4.78676952008094,0.2929014112442019,0.39625,0.60375
0.6,0.45,0.4,4,5.216643995412134,0.07375,0.7887500000000001,5.028831495412135,0.2919754525072449,0.38625,0.61375
0.6,0.45,0.6,0,5.127877541829212,0.06125,0.77375,4.960377541829214,0.21067597250294057,0.27875,0.72125
0.6,0.45,0.6,1,4.933649276621497,0.0825,0.77875,4.727399276621498,0.31137658249576816,0.41625,0.58375
0.6,0.45,0.6,2,4.9729970947770985,0.07875,0.805,4.777997094777098,0.2713941674954867,0.36,0.64
0.6,0.45,0.6,3,4.992519520080941,0.08374999999999999,0.79,4.78676952008094,0.2970798187504897,0.39625,0.60375
0.6,0.45,0.6,4,5.216643995412134,0.07375,0.7887500000000001,5.028831495412135,0.2931646062472737,0.38625,0.61375
0.6,0.45,0.8,0,5.127877541829212,0.06125,0.77375,4.960377541829214,0.21130344000823698,0.27875,0.72125
0.6,0.45,0.8,1,4.933649276621497,0.0825,0.77875,4.727399276621498,0.31569124749637467,0.41625,0.58375
0.6,0.45,0.8,2,4.9729970947770985,0.07875,0.805,4.777997094777098,0.3464081012486986,0.36,0.64
0.6,0.45,0.8,3,4.992519520080941,0.08374999999999999,0.79,4.78676952008094,0.3016833349948911,0.39625,0.60375
0.6,0.45,0.8,4,5.216643995412134,0.07375,0.7887500000000001,5.028831495412135,0.28740172376501505,0.38625,0.61375
0.6,0.55,0.2,0,5.131757649434313,0.06,0.775,4.967132649434314,0.2173576624937823,0.27875,0.72125
0.6,0.55,0.2,1,4.959005125522143,0.0775,0.7837500000000001,4.763317625522144,0.31270566750777107,0.41625,0.58375
0.6,0.55,0.2,2,4.9729970947770985,0.07875,0.805,4.778372094777098,0.2707893212499357,0.36,0.64
0.6,0.55,0.2,3,4.993283863338214,0.0825,0.7925,4.789283863338213,0.3012154437595882,0.39625,0.60375
0.6,0.55,0.2,4,5.220496914030954,0.07375,0.79,5.032684414030954,0.2890488062450913,0.38625,0.61375
0.6,0.55,0.4,0,5.127877541829212,0.06125,0.77375,4.960377541829214,0.21516173375971448,0.27875,0.72125
0.6,0.55,0.4,1,4.933649276621497,0.0825,0.77875,4.727399276621498,0.3105267637539555,0.41625,0.58375
0.6,0.55,0.4,2,4.9729970947770985,0.07875,0.805,4.777997094777098,0.27302463624835127,0.36,0.64
0.6,0.55,0.4,3,4.989897511060567,0.08499999999999999,0.7887500000000001,4.781272511060567,0.30011344376248417,0.39625,0.60375
0.6,0.55,0.4,4,5.220496914030954,0.07375,0.79,5.032684414030954,0.2914875100100289,0.38625,0.61375
0.6,0.55,0.6,0,5.127877541829212,0.06125,0.77375,4.960377541829214,0.21766864124799667,0.27875,0.72125
0.6,0.55,0.6,1,4.933649276621497,0.0825,0.77875,4.727399276621498,0.3089991662375269,0.41625,0.58375
0.6,0.55,0.6,2,4.9729970947770985,0.07875,0.805,4.777997094777098,0.27397328000574817,0.36,0.64
0.6,0.55,0.6,3,4.989897511060567,0.08499999999999999,0.7887500000000001,4.781272511060567,0.29419708500711295,0.39625,0.60375
0.6,0.55,0.6,4,5.220496914030954,0.07375,0.79,5.032684414030954,0.2918140387521362,0.38625,0.61375
0.6,0.55,0.8,0,5.127877541829212,0.06125,0.77375,4.960377541829214,0.21662728624107785,0.27875,0.72125
0.6,0.55,0.8,1,4.933649276621497,0.0825,0.77875,4.727399276621498,0.31785091124902465,0.41625,0.58375
0.6,0.55,0.8,2,4.9729970947770985,0.07875,0.805,4.777997094777098,0.2744633300108035,0.36,0.64
0.6,0.55,0.8,3,4.989897511060567,0.08499999999999999,0.7887500000000001,4.781272511060567,0.2959601550151092,0.39625,0.60375
0.6,0.55,0.8,4,5.220496914030954,0.07375,0.79,5.032684414030954,0.3027069687522044,0.38625,0.61375
0.7,0.15,0.2,0,5.146769317058482,0.05,0.79125,5.005706817058481,0.25685964874867295,0.3425,0.6575
0.7,0.15,0.2,1,5.049439333893672,0.07375,0.7925,4.863501833893673,0.3641448749971232,0.48375,0.51625
0.7,0.15,0.2,2,4.968051818139414,0.07250000000000001,0.81625,4.787989318139413,0.3232977787490654,0.435,0.565
0.7,0.15,0.2,3,4.91228076293938,0.07875,0.80125,4.717280762939379,0.34773728874540666,0.45625,0.54375
0.7,0.15,0.2,4,5.220403083849457,0.075,0.79,5.031590583849457,0.3185486924945735,0.4275,0.5725
0.7,0.15,0.4,0,5.142889209453381,0.051250000000000004,0.79,4.99895170945338,0.26138289500579504,0.3425,0.6575
0.7,0.15,0.4,1,5.044633659034903,0.07625,0.79,4.853321159034905,0.3617995937457863,0.48375,0.51625
0.7,0.15,0.4,2,4.968051818139414,0.07250000000000001,0.81625,4.787989318139413,0.32244733125651237,0.435,0.565
0.7,0.15,0.4,3,4.906799509875328,0.0825,0.79625,4.704299509875327,0.35538922499711134,0.45625,0.54375
0.7,0.15,0.4,4,5.220403083849457,0.075,0.79,5.031590583849457,0.3178533037601028,0.4275,0.5725
0.7,0.15,0.6,0,5.142889209453381,0.051250000000000004,0.79,4.99895170945338,0.26340094751049037,0.3425,0.6575
0.7,0.15,0.6,1,5.044633659034903,0.07625,0.79,4.853321159034905,0.3596339912564872,0.48375,0.51625
0.7,0.15,0.6,2,4.968051818139414,0.07250000000000001,0.81625,4.787989318139413,0.32237724748654273,0.435,0.565
0.7,0.15,0.6,3,4.906799509875328,0.0825,0.79625,4.704299509875327,0.33983224500786946,0.45625,0.54375
0.7,0.15,0.6,4,5.220403083849457,0.075,0.79,5.031590583849457,0.31931927625123535,0.4275,0.5725
0.7,0.15,0.8,0,5.142889209453381,0.051250000000000004,0.79,4.99895170945338,0.2618672600107175,0.3425,0.6575
0.7,0.15,0.8,1,5.044633659034903,0.07625,0.79,4.853321159034905,0.3560870724936649,0.48375,0.51625
0.7,0.15,0.8,2,4.968051818139414,0.07250000000000001,0.81625,4.787989318139413,0.3294374999933325,0.435,0.565
0.7,0.15,0.8,3,4.906799509875328,0.0825,0.79625,4.704299509875327,0.3371335799897679,0.45625,0.54375
0.7,0.15,0.8,4,5.220403083849457,0.075,0.79,5.031590583849457,0.31957388123885266,0.4275,0.5725
0.7,0.25,0.2,0,5.12122015262276,0.053750000000000006,0.785,4.970782652622759,0.22505313501142155,0.29375,0.70625
0.7,0.25,0.2,1,5.022945705710923,0.075,0.7875,4.833758205710923,0.3327744612522565,0.44625,0.55375
0.7,0.25,0.2,2,4.957880880252806,0.0775,0.8075000000000001,4.766318380252805,0.29945418623924525,0.39875,0.60125
0.7,0.25,0.2,3,4.989794326716204,0.08125,0.7925,4.788856826716204,0.31051407874826964,0.4125,0.5875
0.7,0.25,0.2,4,5.226530670316105,0.07125000000000001,0.7925,5.0448431703161045,0.3043825287574009,0.4025,0.5975
0.7,0.25,0.4,0,5.117340045017659,0.05500000000000001,0.7837500000000001,4.964027545017659,0.222801087498965,0.29375,0.70625
0.7,0.25,0.4,1,4.99265390236538,0.08,0.7825,4.7932789023653815,0.33487507249787996,0.44625,0.55375
0.7,0.25,0.4,2,4.957880880252806,0.0775,0.8075000000000001,4.765943380252806,0.2950278025082298,0.39875,0.60125
0.7,0.25,0.4,3,4.986407974438558,0.08374999999999999,0.7887500000000001,4.780845474438557,0.30909292125102183,0.4125,0.5875
0.7,0.25,0.4,4,5.226530670316105,0.07125000000000001,0.7925,5.0448431703161045,0.30057891249839486,0.4025,0.5975
0.7,0.25,0.6,0,5.117340045017659,0.05500000000000001,0.7837500000000001,4.964027545017659,0.22478842000452914,0.29375,0.70625
0.7,0.25,0.6,1,4.99265390236538,0.08,0.7825,4.7932789023653815,0.3420335125025531,0.44625,0.55375
0.7,0.25,0.6,2,4.957880880252806,0.0775,0.8075000000000001,4.765943380252806,0.3741393175033636,0.39875,0.60125
0.7,0.25,0.6,3,4.986407974438558,0.08374999999999999,0.7887500000000001,4.780845474438557,0.30956945250750323,0.4125,0.5875
0.7,0.25,0.6,4,5.226530670316105,0.07125000000000001,0.7925,5.0448431703161045,0.3016814862468209,0.4025,0.5975
0.7,0.25,0.8,0,5.117340045017659,0.05500000000000001,0.7837500000000001,4.964027545017659,0.2270441162499992,0.29375,0.70625
0.7,0.25,0.8,1,4.99265390236538,0.08,0.7825,4.7932789023653815,0.3291203574985957,0.44625,0.55375
0.7,0.25,0.8,2,4.957880880252806,0.0775,0.8075000000000001,4.765943380252806,0.29989888750492355,0.39875,0.60125
0.7,0.25,0.8,3,4.986407974438558,0.08374999999999999,0.7887500000000001,4.780845474438557,0.3052939437424129,0.4125,0.5875
0.7,0.25,0.8,4,5.226530670316105,0.07125000000000001,0.7925,5.0448431703161045,0.3038818762547635,0.4025,0.5975
0.7,0.35,0.2,0,5.134614919922658,0.055,0.78125,4.981302419922658,0.22015735248317014,0.2875,0.7125
0.7,0.35,0.2,1,4.971388893172182,0.07625,0.78625,4.778951393172183,0.3275870862449892,0.44,0.56
0.7,0.35,0.2,2,4.9711633709150975,0.0775,0.80625,4.779600870915097,0.2923545337540645,0.38375,0.61625
0.7,0.35,0.2,3,4.989671113322789,0.08125,0.7925,4.788733613322788,0.2996841725041577,0.40625,0.59375
0.7,0.35,0.2,4,5.219041651333418,0.07250000000000001,0.79,5.034104151333418,0.2959735112466433,0.395,0.605
0.7,0.35,0.4,0,5.130734812317558,0.05625,0.78,4.974547312317557,0.22024542125336666,0.2875,0.7125
0.7,0.35,0.4,1,4.9410970898266395,0.08125,0.78125,4.73847208982664,0.3307159824936434,0.44,0.56
0.7,0.35,0.4,2,4.9711633709150975,0.0775,0.80625,4.779225870915097,0.28510437624618135,0.38375,0.61625
0.7,0.35,0.4,3,4.986284761045142,0.08374999999999999,0.7887500000000001,4.780722261045141,0.304758642488423,0.40625,0.59375
0.7,0.35,0.4,4,5.219041651333418,0.07250000000000001,0.79,5.034104151333418,0.2937948437539717,0.395,0.605
0.7,0.35,0.6,0,5.130734812317558,0.05625,0.78,4.974547312317557,0.22094721874907464,0.2875,0.7125
0.7,0.35,0.6,1,4.9410970898266395,0.08125,0.78125,4.73847208982664,0.33592239625306775,0.44,0.56
0.7,0.35,0.6,2,4.9711633709150975,0.0775,0.80625,4.779225870915097,0.2859010487514979,0.38375,0.61625
0.7,0.35,0.6,3,4.986284761045142,0.08374999999999999,0.7887500000000001,4.780722261045141,0.3073195037501364,0.40625,0.59375
0.7,0.35,0.6,4,5.219041651333418,0.07250000000000001,0.79,5.034104151333418,0.2929591037417367,0.395,0.605
0.7,0.35,0.8,0,5.130734812317558,0.05625,0.78,4.974547312317557,0.2210466624808305,0.2875,0.7125
0.7,0.35,0.8,1,4.9410970898266395,0.08125,0.78125,4.73847208982664,0.324463581252985,0.44,0.56
0.7,0.35,0.8,2,4.9711633709150975,0.0775,0.80625,4.779225870915097,0.29605824374982603,0.38375,0.61625
0.7,0.35,0.8,3,4.986284761045142,0.08374999999999999,0.7887500000000001,4.780722261045141,0.30363196000735115,0.40625,0.59375
0.7,0.35,0.8,4,5.219041651333418,0.07250000000000001,0.79,5.034104151333418,0.29207020750561696,0.395,0.605
0.7,0.45,0.2,0,5.1228775243685485,0.057499999999999996,0.77875,4.963815024368549,0.2217936874978932,0.2875,0.7125
0.7,0.45,0.2,1,4.971388893172182,0.07625,0.78625,4.778951393172183,0.32620149750073324,0.44,0.56
0.7,0.45,0.2,2,4.9711633709150975,0.0775,0.80625,4.779600870915097,0.2874097387444863,0.38375,0.61625
0.7,0.45,0.2,3,4.997823691155553,0.08125,0.79375,4.796698691155552,0.2994978750024302,0.40625,0.59375
0.7,0.45,0.2,4,5.219041651333418,0.07250000000000001,0.79,5.034104151333418,0.2964235524979131,0.395,0.605
0.7,0.45,0.4,0,5.118997416763449,0.05875,0.7775000000000001,4.957059916763448,0.21849326874644248,0.2875,0.7125
0.7,0.45,0.4,1,4.9410970898266395,0.08125,0.78125,4.73847208982664,0.32312501499347945,0.44,0.56
0.7,0.45,0.4,2,4.9711633709150975,0.0775,0.80625,4.779225870915097,0.2863151999946467,0.38375,0.61625
0.7,0.45,0.4,3,4.994437338877907,0.08374999999999999,0.79,4.788687338877906,0.29708188125709967,0.40625,0.59375
0.7,0.45,0.4,4,5.219041651333418,0.07250000000000001,0.79,5.034104151333418,0.2957381812512949,0.395,0.605
0.7,0.45,0.6,0,5.118997416763449,0.05875,0.7775000000000001,4.957059916763448,0.2207785312549504,0.2875,0.7125
0.7,0.45,0.6,1,4.9410970898266395,0.08125,0.78125,4.73847208982664,0.32718432124909214,0.44,0.56
0.7,0.45,0.6,2,4.9711633709150975,0.0775,0.80625,4.779225870915097,0.2846979550042761,0.38375,0.61625
0.7,0.45,0.6,3,4.994437338877907,0.08374999999999999,0.79,4.788687338877906,0.3012112587583715,0.40625,0.59375
0.7,0.45,0.6,4,5.219041651333418,0.07250000000000001,0.79,5.034104151333418,0.2936471724871126,0.395,0.605
0.7,0.45,0.8,0,5.118997416763449,0.05875,0.7775000000000001,4.957059916763448,0.21820997750126025,0.2875,0.7125
0.7,0.45,0.8,1,4.9410970898266395,0.08125,0.78125,4.73847208982664,0.33297521375800443,0.44,0.56
0.7,0.45,0.8,2,4.9711633709150975,0.0775,0.80625,4.779225870915097,0.2870511024946154,0.38375,0.61625
0.7,0.45,0.8,3,4.994437338877907,0.08374999999999999,0.79,4.788687338877906,0.30530287124634015,0.40625,0.59375
0.7,0.45,0.8,4,5.219041651333418,0.07250000000000001,0.79,5.034104151333418,0.2966138399915508,0.395,0.605
0.7,0.55,0.2,0,5.1228775243685485,0.057499999999999996,0.77875,4.963815024368549,0.22075233000293792,0.2875,0.7125
0.7,0.55,0.2,1,4.971388893172182,0.07625,0.78625,4.778951393172183,0.3289911037472848,0.44,0.56
0.7,0.55,0.2,2,4.9711633709150975,0.0775,0.80625,4.779600870915097,0.28431598875044983,0.38375,0.61625
0.7,0.55,0.2,3,4.995201682135179,0.0825,0.7925,4.791201682135179,0.30375761999948736,0.40625,0.59375
0.7,0.55,0.2,4,5.2228945699522376,0.07250000000000001,0.79125,5.037957069952237,0.29042281375495804,0.395,0.605
0.7,0.55,0.4,0,5.118997416763449,0.05875,0.7775000000000001,4.957059916763448,0.22405927749503007,0.2875,0.7125
0.7,0.55,0.4,1,4.9410970898266395,0.08125,0.78125,4.73847208982664,0.32999995623981704,0.44,0.56
0.7,0.55,0.4,2,4.9711633709150975,0.0775,0.80625,4.779225870915097,0.3349590699986038,0.38375,0.61625
0.7,0.55,0.4,3,4.991815329857533,0.08499999999999999,0.7887500000000001,4.783190329857533,0.29971495125721503,0.40625,0.59375
0.7,0.55,0.4,4,5.2228945699522376,0.07250000000000001,0.79125,5.037957069952237,0.29541332124836117,0.395,0.605
0.7,0.55,0.6,0,5.118997416763449,0.05875,0.7775000000000001,4.957059916763448,0.21840540750986293,0.2875,0.7125
0.7,0.55,0.6,1,4.9410970898266395,0.08125,0.78125,4.73847208982664,0.32474630250590053,0.44,0.56
0.7,0.55,0.6,2,4.9711633709150975,0.0775,0.80625,4.779225870915097,0.28862697249394387,0.38375,0.61625
0.7,0.55,0.6,3,4.991815329857533,0.08499999999999999,0.7887500000000001,4.783190329857533,0.2992430737498353,0.40625,0.59375
0.7,0.55,0.6,4,5.2228945699522376,0.07250000000000001,0.79125,5.037957069952237,0.29667008624528535,0.395,0.605
0.7,0.55,0.8,0,5.118997416763449,0.05875,0.7775000000000001,4.957059916763448,0.21922135249667463,0.2875,0.7125
0.7,0.55,0.8,1,4.9410970898266395,0.08125,0.78125,4.73847208982664,0.32677985126554177,0.44,0.56
0.7,0.55,0.8,2,4.9711633709150975,0.0775,0.80625,4.779225870915097,0.2857411424940892,0.38375,0.61625
0.7,0.55,0.8,3,4.991815329857533,0.08499999999999999,0.7887500000000001,4.783190329857533,0.3001337812594329,0.40625,0.59375
0.7,0.55,0.8,4,5.2228945699522376,0.07250000000000001,0.79125,5.037957069952237,0.2924254012310712,0.395,0.605
0.8,0.15,0.2,0,5.146769317058482,0.05,0.79125,5.005706817058481,0.25894698374145264,0.3425,0.6575
0.8,0.15,0.2,1,5.049439333893672,0.07375,0.7925,4.863501833893673,0.35817813749247307,0.48375,0.51625
0.8,0.15,0.2,2,4.968051818139414,0.07250000000000001,0.81625,4.787989318139413,0.31987700874651637,0.435,0.565
0.8,0.15,0.2,3,4.91228076293938,0.07875,0.80125,4.717280762939379,0.33849765251034114,0.45625,0.54375
0.8,0.15,0.2,4,5.220403083849457,0.075,0.79,5.031590583849457,0.3161746974922153,0.4275,0.5725
0.8,0.15,0.4,0,5.142889209453381,0.051250000000000004,0.79,4.99895170945338,0.25936325000031957,0.3425,0.6575
0.8,0.15,0.4,1,5.044633659034903,0.07625,0.79,4.853321159034905,0.3624758462507316,0.48375,0.51625
0.8,0.15,0.4,2,4.968051818139414,0.07250000000000001,0.81625,4.787989318139413,0.32030266500214566,0.435,0.565
0.8,0.15,0.4,3,4.906799509875328,0.0825,0.79625,4.704299509875327,0.34433522124572846,0.45625,0.54375
0.8,0.15,0.4,4,5.220403083849457,0.075,0.79,5.031590583849457,0.31751986000188026,0.4275,0.5725
0.8,0.15,0.6,0,5.142889209453381,0.051250000000000004,0.79,4.99895170945338,0.25915018749401497,0.3425,0.6575
0.8,0.15,0.6,1,5.044633659034903,0.07625,0.79,4.853321159034905,0.36278531624816424,0.48375,0.51625
0.8,0.15,0.6,2,4.968051818139414,0.07250000000000001,0.81625,4.787989318139413,0.32622798499573946,0.435,0.565
0.8,0.15,0.6,3,4.906799509875328,0.0825,0.79625,4.704299509875327,0.3348361175079617,0.45625,0.54375
0.8,0.15,0.6,4,5.220403083849457,0.075,0.79,5.031590583849457,0.319402018746473,0.4275,0.5725
0.8,0.15,0.8,0,5.142889209453381,0.051250000000000004,0.79,4.99895170945338,0.2585642387390408,0.3425,0.6575
0.8,0.15,0.8,1,5.044633659034903,0.07625,0.79,4.853321159034905,0.3543318349886704,0.48375,0.51625
0.8,0.15,0.8,2,4.968051818139414,0.07250000000000001,0.81625,4.787989318139413,0.323978532496767,0.435,0.565
0.8,0.15,0.8,3,4.906799509875328,0.0825,0.79625,4.704299509875327,0.336980024998752,0.45625,0.54375
0.8,0.15,0.8,4,5.220403083849457,0.075,0.79,5.031590583849457,0.3245926512516917,0.4275,0.5725
0.8,0.25,0.2,0,5.12122015262276,0.053750000000000006,0.785,4.970782652622759,0.24483236500486782,0.3125,0.6875
0.8,0.25,0.2,1,5.022945705710923,0.075,0.7875,4.833758205710923,0.36123089625334615,0.45875,0.54125
0.8,0.25,0.2,2,4.973960682983261,0.07625,0.8087500000000001,4.78564818298326,0.3199668137460776,0.415,0.585
0.8,0.25,0.2,3,4.982204463552685,0.08,0.79625,4.784516963552685,0.3325925287424525,0.435,0.565
0.8,0.25,0.2,4,5.226530670316105,0.07125000000000001,0.7925,5.0448431703161045,0.31312110499527535,0.41375,0.58625
0.8,0.25,0.4,0,5.117340045017659,0.05500000000000001,0.7837500000000001,4.964027545017659,0.24791266749900842,0.3125,0.6875
0.8,0.25,0.4,1,4.99265390236538,0.08,0.7825,4.7932789023653815,0.3647985462436054,0.45875,0.54125
0.8,0.25,0.4,2,4.973960682983261,0.07625,0.8087500000000001,4.78564818298326,0.3138726137467529,0.415,0.585
0.8,0.25,0.4,3,4.978818111275039,0.08249999999999999,0.7925,4.776505611275038,0.3243508737693901,0.435,0.565
0.8,0.25,0.4,4,5.226530670316105,0.07125000000000001,0.7925,5.0448431703161045,0.3040166012578993,0.41375,0.58625
0.8,0.25,0.6,0,5.117340045017659,0.05500000000000001,0.7837500000000001,4.964027545017659,0.241571669989753,0.3125,0.6875
0.8,0.25,0.6,1,4.99265390236538,0.08,0.7825,4.7932789023653815,0.3391567962478348,0.45875,0.54125
0.8,0.25,0.6,2,4.973960682983261,0.07625,0.8087500000000001,4.78564818298326,0.311337606248685,0.415,0.585
0.8,0.25,0.6,3,4.978818111275039,0.08249999999999999,0.7925,4.776505611275038,0.32078864374852856,0.435,0.565
0.8,0.25,0.6,4,5.226530670316105,0.07125000000000001,0.7925,5.0448431703161045,0.30756856248899567,0.41375,0.58625
0.8,0.25,0.8,0,5.117340045017659,0.05500000000000001,0.7837500000000001,4.964027545017659,0.24050220499475472,0.3125,0.6875
0.8,0.25,0.8,1,4.99265390236538,0.08,0.7825,4.7932789023653815,0.33670365750481324,0.45875,0.54125
0.8,0.25,0.8,2,4.973960682983261,0.07625,0.8087500000000001,4.78564818298326,0.3115254512363208,0.415,0.585
0.8,0.25,0.8,3,4.978818111275039,0.08249999999999999,0.7925,4.776505611275038,0.32284933624168843,0.435,0.565
0.8,0.25,0.8,4,5.226530670316105,0.07125000000000001,0.7925,5.0448431703161045,0.3099927924961321,0.41375,0.58625
0.8,0.35,0.2,0,5.118600307455348,0.053750000000000006,0.7837500000000001,4.968162807455347,0.23401500749685056,0.3125,0.6875
0.8,0.35,0.2,1,5.022945705710923,0.075,0.7875,4.833758205710923,0.3411006749934131,0.45875,0.54125
0.8,0.35,0.2,2,4.973960682983261,0.07625,0.8087500000000001,4.78564818298326,0.30765959249720254,0.415,0.585
0.8,0.35,0.2,3,4.982204463552685,0.08,0.79625,4.784516963552685,0.321632008745496,0.435,0.565
0.8,0.35,0.2,4,5.22369771843443,0.07250000000000001,0.79125,5.039135218434429,0.3124212000045645,0.41375,0.58625
0.8,0.35,0.4,0,5.114720199850248,0.05500000000000001,0.7825,4.9614076998502465,0.2341779562488,0.3125,0.6875
0.8,0.35,0.4,1,4.99265390236538,0.08,0.7825,4.7932789023653815,0.34783586500452657,0.45875,0.54125
0.8,0.35,0.4,2,4.973960682983261,0.07625,0.8087500000000001,4.78564818298326,0.315439584996966,0.415,0.585
0.8,0.35,0.4,3,4.978818111275039,0.08249999999999999,0.7925,4.776505611275038,0.3337158075083835,0.435,0.565
0.8,0.35,0.4,4,5.22369771843443,0.07250000000000001,0.79125,5.039135218434429,0.3086170875025118,0.41375,0.58625
0.8,0.35,0.6,0,5.114720199850248,0.05500000000000001,0.7825,4.9614076998502465,0.23600928249834396,0.3125,0.6875
0.8,0.35,0.6,1,4.99265390236538,0.08,0.7825,4.7932789023653815,0.338591443758105,0.45875,0.54125
0.8,0.35,0.6,2,4.973960682983261,0.07625,0.8087500000000001,4.78564818298326,0.31302203751067736,0.415,0.585
0.8,0.35,0.6,3,4.978818111275039,0.08249999999999999,0.7925,4.776505611275038,0.3226527024986581,0.435,0.565
0.8,0.35,0.6,4,5.22369771843443,0.07250000000000001,0.79125,5.039135218434429,0.3054076487592283,0.41375,0.58625
0.8,0.35,0.8,0,5.114720199850248,0.05500000000000001,0.7825,4.9614076998502465,0.2864883837543175,0.3125,0.6875
0.8,0.35,0.8,1,4.99265390236538,0.08,0.7825,4.7932789023653815,0.3448426649964631,0.45875,0.54125
0.8,0.35,0.8,2,4.973960682983261,0.07625,0.8087500000000001,4.78564818298326,0.31419846750395664,0.415,0.585
0.8,0.35,0.8,3,4.978818111275039,0.08249999999999999,0.7925,4.776505611275038,0.32236353999564926,0.435,0.565
0.8,0.35,0.8,4,5.22369771843443,0.07250000000000001,0.79125,5.039135218434429,0.310371000002192,0.41375,0.58625
0.8,0.45,0.2,0,5.1068629119012385,0.056249999999999994,0.78125,4.950675411901239,0.23763174874602555,0.3125,0.6875
0.8,0.45,0.2,1,5.022945705710923,0.075,0.7875,4.833758205710923,0.3368434237478368,0.45875,0.54125
0.8,0.45,0.2,2,4.973960682983261,0.07625,0.8087500000000001,4.78564818298326,0.3103936537507934,0.415,0.585
0.8,0.45,0.2,3,4.987846590571916,0.08,0.79625,4.789971590571915,0.31937824125975567,0.435,0.565
0.8,0.45,0.2,4,5.22369771843443,0.07250000000000001,0.79125,5.039135218434429,0.30939086249588854,0.41375,0.58625
0.8,0.45,0.4,0,5.102982804296138,0.057499999999999996,0.78,4.943920304296139,0.2338058474947502,0.3125,0.6875
0.8,0.45,0.4,1,4.99265390236538,0.08,0.7825,4.7932789023653815,0.34812765000708623,0.45875,0.54125
0.8,0.45,0.4,2,4.973960682983261,0.07625,0.8087500000000001,4.78564818298326,0.3058381237440244,0.415,0.585
0.8,0.45,0.4,3,4.98446023829427,0.08249999999999999,0.7925,4.781960238294269,0.3234506725090114,0.435,0.565
0.8,0.45,0.4,4,5.22369771843443,0.07250000000000001,0.79125,5.039135218434429,0.30595369250193016,0.41375,0.58625
0.8,0.45,0.6,0,5.102982804296138,0.057499999999999996,0.78,4.943920304296139,0.23619088375312458,0.3125,0.6875
0.8,0.45,0.6,1,4.99265390236538,0.08,0.7825,4.7932789023653815,0.3423841162526742,0.45875,0.54125
0.8,0.45,0.6,2,4.973960682983261,0.07625,0.8087500000000001,4.78564818298326,0.305734625014793,0.415,0.585
0.8,0.45,0.6,3,4.98446023829427,0.08249999999999999,0.7925,4.781960238294269,0.3246438462451806,0.435,0.565
0.8,0.45,0.6,4,5.22369771843443,0.07250000000000001,0.79125,5.039135218434429,0.3054823650018079,0.41375,0.58625
0.8,0.45,0.8,0,5.102982804296138,0.057499999999999996,0.78,4.943920304296139,0.24418140623936324,0.3125,0.6875
0.8,0.45,0.8,1,4.99265390236538,0.08,0.7825,4.7932789023653815,0.33647751749924737,0.45875,0.54125
0.8,0.45,0.8,2,4.973960682983261,0.07625,0.8087500000000001,4.78564818298326,0.307724712503159,0.415,0.585
0.8,0.45,0.8,3,4.98446023829427,0.08249999999999999,0.7925,4.781960238294269,0.330882712491416,0.435,0.565
0.8,0.45,0.8,4,5.22369771843443,0.07250000000000001,0.79125,5.039135218434429,0.30677860375021737,0.41375,0.58625
0.8,0.55,0.2,0,5.1068629119012385,0.056249999999999994,0.78125,4.950675411901239,0.23860218874347083,0.3125,0.6875
0.8,0.55,0.2,1,5.022945705710923,0.075,0.7875,4.833758205710923,0.3370038512497331,0.45875,0.54125
0.8,0.55,0.2,2,4.973960682983261,0.07625,0.8087500000000001,4.78564818298326,0.312089104994584,0.415,0.585
0.8,0.55,0.2,3,4.9852245815515435,0.08125,0.795,4.7844745815515415,0.3204916125014279,0.435,0.565
0.8,0.55,0.2,4,5.227550637053248,0.07250000000000001,0.7925,5.042988137053248,0.31099891748567643,0.41375,0.58625
0.8,0.55,0.4,0,5.102982804296138,0.057499999999999996,0.78,4.943920304296139,0.23644615250134393,0.3125,0.6875
0.8,0.55,0.4,1,4.99265390236538,0.08,0.7825,4.7932789023653815,0.34534500249719713,0.45875,0.54125
0.8,0.55,0.4,2,4.973960682983261,0.07625,0.8087500000000001,4.78564818298326,0.30716914874403756,0.415,0.585
0.8,0.55,0.4,3,4.9818382292738965,0.08374999999999999,0.79125,4.7764632292738955,0.3247493237489607,0.435,0.565
0.8,0.55,0.4,4,5.227550637053248,0.07250000000000001,0.7925,5.042988137053248,0.30835504375318123,0.41375,0.58625
0.8,0.55,0.6,0,5.102982804296138,0.057499999999999996,0.78,4.943920304296139,0.23404583125113732,0.3125,0.6875
0.8,0.55,0.6,1,4.99265390236538,0.08,0.7825,4.7932789023653815,0.343625464993238,0.45875,0.54125
0.8,0.55,0.6,2,4.973960682983261,0.07625,0.8087500000000001,4.78564818298326,0.3050689625092673,0.415,0.585
0.8,0.55,0.6,3,4.9818382292738965,0.08374999999999999,0.79125,4.7764632292738955,0.32202003749773667,0.435,0.565
0.8,0.55,0.6,4,5.227550637053248,0.07250000000000001,0.7925,5.042988137053248,0.30565627875375867,0.41375,0.58625
0.8,0.55,0.8,0,5.102982804296138,0.057499999999999996,0.78,4.943920304296139,0.23651449500391664,0.3125,0.6875
0.8,0.55,0.8,1,4.99265390236538,0.08,0.7825,4.7932789023653815,0.3393224824981189,0.45875,0.54125
0.8,0.55,0.8,2,4.973960682983261,0.07625,0.8087500000000001,4.78564818298326,0.3067197950042555,0.415,0.585
0.8,0.55,0.8,3,4.9818382292738965,0.08374999999999999,0.79125,4.7764632292738955,0.3218131487415121,0.435,0.565
0.8,0.55,0.8,4,5.227550637053248,0.07250000000000001,0.7925,5.042988137053248,0.302567251251844,0.41375,0.58625
0.9,0.15,0.2,0,5.16138717588151,0.04875,0.7925,5.024512175881509,0.28513460250451317,0.375,0.625
0.9,0.15,0.2,1,5.075178346105741,0.06875,0.7975,4.902240846105742,0.38960147625175523,0.5325,0.4675
0.9,0.15,0.2,2,4.9604656959244435,0.07125000000000001,0.8200000000000001,4.784403195924443,0.3659261124926161,0.49625,0.50375
0.9,0.15,0.2,3,4.914504183029121,0.08,0.8,4.718691683029121,0.3612093687553397,0.49125,0.50875
0.9,0.15,0.2,4,5.100468845979375,0.07250000000000001,0.7937500000000001,4.9175938459793755,0.3486429287511328,0.47125,0.52875
0.9,0.15,0.4,0,5.157507068276409,0.05,0.79125,5.017757068276408,0.2853950462622379,0.375,0.625
0.9,0.15,0.4,1,5.0703726712469726,0.07125000000000001,0.795,4.892060171246973,0.3925169712471188,0.5325,0.4675
0.9,0.15,0.4,2,4.9604656959244435,0.07125000000000001,0.8200000000000001,4.784403195924443,0.36506562000965914,0.49625,0.50375
0.9,0.15,0.4,3,4.909022929965069,0.08375,0.795,4.705710429965069,0.36094120750135517,0.49125,0.50875
0.9,0.15,0.4,4,5.100468845979375,0.07250000000000001,0.7937500000000001,4.9175938459793755,0.3494974762543279,0.47125,0.52875
0.9,0.15,0.6,0,5.157507068276409,0.05,0.79125,5.017757068276408,0.28039249625066986,0.375,0.625
0.9,0.15,0.6,1,5.0703726712469726,0.07125000000000001,0.795,4.892060171246973,0.3951031725023313,0.5325,0.4675
0.9,0.15,0.6,2,4.9604656959244435,0.07125000000000001,0.8200000000000001,4.784403195924443,0.3665517012359487,0.49625,0.50375
0.9,0.15,0.6,3,4.909022929965069,0.08375,0.795,4.705710429965069,0.3698391075147356,0.49125,0.50875
0.9,0.15,0.6,4,5.100468845979375,0.07250000000000001,0.7937500000000001,4.9175938459793755,0.34795293126649085,0.47125,0.52875
0.9,0.15,0.8,0,5.157507068276409,0.05,0.79125,5.017757068276408,0.28185493001274153,0.375,0.625
0.9,0.15,0.8,1,5.0703726712469726,0.07125000000000001,0.795,4.892060171246973,0.39094919749800283,0.5325,0.4675
0.9,0.15,0.8,2,4.9604656959244435,0.07125000000000001,0.8200000000000001,4.784403195924443,0.3633467787551581,0.49625,0.50375
0.9,0.15,0.8,3,4.909022929965069,0.08375,0.795,4.705710429965069,0.36341008124850305,0.49125,0.50875
0.9,0.15,0.8,4,5.100468845979375,0.07250000000000001,0.7937500000000001,4.9175938459793755,0.342444058729825,0.47125,0.52875
0.9,0.25,0.2,0,5.16138717588151,0.04875,0.7925,5.024512175881509,0.28465940375895116,0.375,0.625
0.9,0.25,0.2,1,5.078631150247155,0.06875,0.7987500000000001,4.905693650247155,0.38698219623825025,0.5325,0.4675
0.9,0.25,0.2,2,4.9604656959244435,0.07125000000000001,0.8200000000000001,4.784403195924443,0.3698813024982428,0.49625,0.50375
0.9,0.25,0.2,3,4.922218146941127,0.07875,0.80125,4.729280646941126,0.35832177249744745,0.49,0.51
0.9,0.25,0.2,4,5.100468845979375,0.07250000000000001,0.7937500000000001,4.9175938459793755,0.35044991875565756,0.47125,0.52875
0.9,0.25,0.4,0,5.157507068276409,0.05,0.79125,5.017757068276408,0.2805336862468266,0.375,0.625
0.9,0.25,0.4,1,5.048339346901612,0.07375000000000001,0.79375,4.865214346901613,0.3935240012719987,0.5325,0.4675
0.9,0.25,0.4,2,4.9604656959244435,0.07125000000000001,0.8200000000000001,4.784403195924443,0.3675926162543419,0.49625,0.50375
0.9,0.25,0.4,3,4.916736893877074,0.0825,0.79625,4.716299393877074,0.3568080187335454,0.49,0.51
0.9,0.25,0.4,4,5.100468845979375,0.07250000000000001,0.7937500000000001,4.9175938459793755,0.34631915250997736,0.47125,0.52875
0.9,0.25,0.6,0,5.157507068276409,0.05,0.79125,5.017757068276408,0.2788659300006202,0.375,0.625
0.9,0.25,0.6,1,5.048339346901612,0.07375000000000001,0.79375,4.865214346901613,0.39884489378209764,0.5325,0.4675
0.9,0.25,0.6,2,4.9604656959244435,0.07125000000000001,0.8200000000000001,4.784403195924443,0.3624981250095516,0.49625,0.50375
0.9,0.25,0.6,3,4.916736893877074,0.0825,0.79625,4.716299393877074,0.36380411499408183,0.49,0.51
0.9,0.25,0.6,4,5.100468845979375,0.07250000000000001,0.7937500000000001,4.9175938459793755,0.34481380624583835,0.47125,0.52875
0.9,0.25,0.8,0,5.157507068276409,0.05,0.79125,5.017757068276408,0.27990046876197994,0.375,0.625
0.9,0.25,0.8,1,5.048339346901612,0.07375000000000001,0.79375,4.865214346901613,0.39423347625302085,0.5325,0.4675
0.9,0.25,0.8,2,4.9604656959244435,0.07125000000000001,0.8200000000000001,4.784403195924443,0.3661826887332609,0.49625,0.50375
0.9,0.25,0.8,3,4.916736893877074,0.0825,0.79625,4.716299393877074,0.41530906626235264,0.49,0.51
0.9,0.25,0.8,4,5.100468845979375,0.07250000000000001,0.7937500000000001,4.9175938459793755,0.3448222437430104,0.47125,0.52875
0.9,0.35,0.2,0,5.158767330714097,0.04875,0.79125,5.021892330714097,0.28510725001638093,0.375,0.625
0.9,0.35,0.2,1,5.078631150247155,0.06875,0.7987500000000001,4.905693650247155,0.3885861837363791,0.5325,0.4675
0.9,0.35,0.2,2,4.9604656959244435,0.07125000000000001,0.8200000000000001,4.784403195924443,0.3661262462492232,0.49625,0.50375
0.9,0.35,0.2,3,4.922218146941127,0.07875,0.80125,4.729280646941126,0.36081044248476246,0.49,0.51
0.9,0.35,0.2,4,5.094201931014381,0.075,0.79125,4.905576931014382,0.3530241299984027,0.4725,0.5275
0.9,0.35,0.4,0,5.154887223108997,0.05,0.79,5.015137223108996,0.2873361875106184,0.375,0.625
0.9,0.35,0.4,1,5.048339346901612,0.07375000000000001,0.79375,4.865214346901613,0.3903437137500987,0.5325,0.4675
0.9,0.35,0.4,2,4.9604656959244435,0.07125000000000001,0.8200000000000001,4.784403195924443,0.36286083123059143,0.49625,0.50375
0.9,0.35,0.4,3,4.916736893877074,0.0825,0.79625,4.716299393877074,0.35935365001137143,0.49,0.51
0.9,0.35,0.4,4,5.094201931014381,0.075,0.79125,4.905576931014382,0.3482726637491851,0.4725,0.5275
0.9,0.35,0.6,0,5.154887223108997,0.05,0.79,5.015137223108996,0.27968519627052046,0.375,0.625
0.9,0.35,0.6,1,5.048339346901612,0.07375000000000001,0.79375,4.865214346901613,0.3938709149974784,0.5325,0.4675
0.9,0.35,0.6,2,4.9604656959244435,0.07125000000000001,0.8200000000000001,4.784403195924443,0.3641705862537492,0.49625,0.50375
0.9,0.35,0.6,3,4.916736893877074,0.0825,0.79625,4.716299393877074,0.36419660500200735,0.49,0.51
0.9,0.35,0.6,4,5.094201931014381,0.075,0.79125,4.905576931014382,0.34725096499073516,0.4725,0.5275
0.9,0.35,0.8,0,5.154887223108997,0.05,0.79,5.015137223108996,0.2880346724998617,0.375,0.625
0.9,0.35,0.8,1,5.048339346901612,0.07375000000000001,0.79375,4.865214346901613,0.3936123612288611,0.5325,0.4675
0.9,0.35,0.8,2,4.9604656959244435,0.07125000000000001,0.8200000000000001,4.784403195924443,0.3678256162379512,0.49625,0.50375
0.9,0.35,0.8,3,4.916736893877074,0.0825,0.79625,4.716299393877074,0.35996514497810495,0.49,0.51
0.9,0.35,0.8,4,5.094201931014381,0.075,0.79125,4.905576931014382,0.34512354374328424,0.4725,0.5275
0.9,0.45,0.2,0,5.147029935159988,0.05125,0.7887500000000001,5.004404935159989,0.28259506747872365,0.375,0.625
0.9,0.45,0.2,1,5.078631150247155,0.06875,0.7987500000000001,4.905693650247155,0.3938700199876166,0.5325,0.4675
0.9,0.45,0.2,2,4.9604656959244435,0.07125000000000001,0.8200000000000001,4.784403195924443,0.3759310724922216,0.49625,0.50375
0.9,0.45,0.2,3,4.927860273960357,0.07875,0.80125,4.734735273960356,0.35975231125462415,0.49,0.51
0.9,0.45,0.2,4,5.094201931014381,0.075,0.79125,4.905576931014382,0.3542813687306534,0.4725,0.5275
0.9,0.45,0.4,0,5.143149827554888,0.0525,0.7875000000000001,4.997649827554888,0.2763959962192075,0.375,0.625
0.9,0.45,0.4,1,5.048339346901612,0.07375000000000001,0.79375,4.865214346901613,0.39065566875251534,0.5325,0.4675
0.9,0.45,0.4,2,4.9604656959244435,0.07125000000000001,0.8200000000000001,4.784403195924443,0.36172239625216207,0.49625,0.50375
0.9,0.45,0.4,3,4.9223790208963045,0.0825,0.79625,4.721754020896305,0.3606205550170216,0.49,0.51
0.9,0.45,0.4,4,5.094201931014381,0.075,0.79125,4.905576931014382,0.3472736475077909,0.4725,0.5275
0.9,0.45,0.6,0,5.143149827554888,0.0525,0.7875000000000001,4.997649827554888,0.27832110498593465,0.375,0.625
0.9,0.45,0.6,1,5.048339346901612,0.07375000000000001,0.79375,4.865214346901613,0.39658696626702294,0.5325,0.4675
0.9,0.45,0.6,2,4.9604656959244435,0.07125000000000001,0.8200000000000001,4.784403195924443,0.3642770275064322,0.49625,0.50375
0.9,0.45,0.6,3,4.9223790208963045,0.0825,0.79625,4.721754020896305,0.3648391187402922,0.49,0.51
0.9,0.45,0.6,4,5.094201931014381,0.075,0.79125,4.905576931014382,0.34710176125486214,0.4725,0.5275
0.9,0.45,0.8,0,5.143149827554888,0.0525,0.7875000000000001,4.997649827554888,0.28378514997712045,0.375,0.625
0.9,0.45,0.8,1,5.048339346901612,0.07375000000000001,0.79375,4.865214346901613,0.38917043873084367,0.5325,0.4675
0.9,0.45,0.8,2,4.9604656959244435,0.07125000000000001,0.8200000000000001,4.784403195924443,0.3651601462593135,0.49625,0.50375
0.9,0.45,0.8,3,4.9223790208963045,0.0825,0.79625,4.721754020896305,0.37029561623398877,0.49,0.51
0.9,0.45,0.8,4,5.094201931014381,0.075,0.79125,4.905576931014382,0.34792944626929057,0.4725,0.5275
0.9,0.55,0.2,0,5.147029935159988,0.05125,0.7887500000000001,5.004404935159989,0.2796911212521991,0.375,0.625
0.9,0.55,0.2,1,5.078631150247155,0.06875,0.7987500000000001,4.905693650247155,0.3907095862632559,0.5325,0.4675
0.9,0.55,0.2,2,4.9604656959244435,0.07125000000000001,0.8200000000000001,4.784403195924443,0.3623973487879084,0.49625,0.50375
0.9,0.55,0.2,3,4.925238264939983,0.08,0.8,4.729238264939983,0.3621828699999696,0.49,0.51
0.9,0.55,0.2,4,5.087517002799169,0.0775,0.79,4.89389200279917,0.35261333250446114,0.47375,0.52625
0.9,0.55,0.4,0,5.143149827554888,0.0525,0.7875000000000001,4.997649827554888,0.28124219999426714,0.375,0.625
0.9,0.55,0.4,1,5.048339346901612,0.07375000000000001,0.79375,4.865214346901613,0.4023207862496747,0.5325,0.4675
0.9,0.55,0.4,2,4.9604656959244435,0.07125000000000001,0.8200000000000001,4.784403195924443,0.36465296248593404,0.49625,0.50375
0.9,0.55,0.4,3,4.919757011875932,0.08375,0.795,4.716257011875931,0.36472449875418533,0.49,0.51
0.9,0.55,0.4,4,5.087517002799169,0.0775,0.79,4.89389200279917,0.34962826624223453,0.47375,0.52625
0.9,0.55,0.6,0,5.143149827554888,0.0525,0.7875000000000001,4.997649827554888,0.27977056750160045,0.375,0.625
0.9,0.55,0.6,1,5.048339346901612,0.07375000000000001,0.79375,4.865214346901613,0.3957404112600216,0.5325,0.4675
0.9,0.55,0.6,2,4.9604656959244435,0.07125000000000001,0.8200000000000001,4.784403195924443,0.35975145873635483,0.49625,0.50375
0.9,0.55,0.6,3,4.919757011875932,0.08375,0.795,4.716257011875931,0.36950202252342024,0.49,0.51
0.9,0.55,0.6,4,5.087517002799169,0.0775,0.79,4.89389200279917,0.3472994787466632,0.47375,0.52625
0.9,0.55,0.8,0,5.143149827554888,0.0525,0.7875000000000001,4.997649827554888,0.2879500849962824,0.375,0.625
0.9,0.55,0.8,1,5.048339346901612,0.07375000000000001,0.79375,4.865214346901613,0.38858352123384066,0.5325,0.4675
0.9,0.55,0.8,2,4.9604656959244435,0.07125000000000001,0.8200000000000001,4.784403195924443,0.3696020787447196,0.49625,0.50375
0.9,0.55,0.8,3,4.919757011875932,0.08375,0.795,4.716257011875931,0.35875528623819264,0.49,0.51
0.9,0.55,0.8,4,5.087517002799169,0.0775,0.79,4.89389200279917,0.3552999975033799,0.47375,0.52625
